generic_name,commercial_name,presentation,active_substance,route,concentration,status
Ibuprofeno,"Advil 400",Inhalador,Ibuprofeno,Intravenosa,"50 mg",active
Ibuprofeno,"Advil 600",Jarabe,Ibuprofeno,Oftálmica,"2 mg",active
Salbutamol,"Ventolin 600",Jarabe,Salbutamol,Intramuscular,"10 mg",active
Clonazepam,"Klonopin 400",Jarabe,Clonazepam,Tópica,"400 mg",active
Paracetamol,"Tylenol 200",Inyectable,Paracetamol,Sublingual,"50 mg/ml",active
Amoxicilina,"Amoxil 500",Inhalador,Amoxicilina,Inhalatoria,"250 mg",active
Ibuprofeno,"Advil 400",Inhalador,Ibuprofeno,Intravenosa,"2 mg",active
Fluoxetina,"Prozac 100",Gotas,Fluoxetina,Intravenosa,"2 mg",active
Omeprazol,"Prilosec 300",Cápsulas,Omeprazol,Sublingual,"500 mcg",active
Ibuprofeno,"Advil 200",Gotas,Ibuprofeno,Tópica,"20 mg",active
Naproxeno,"Aleve 400",Jarabe,Naproxeno,Intravenosa,"400 mg",active
Clonazepam,"Klonopin 100",Cápsulas,Clonazepam,Oral,"2 mg",active
Paracetamol,"Tylenol 900",Pomada,Paracetamol,Oral,"10 mg",active
Amoxicilina,"Amoxil 600",Tabletas,Amoxicilina,Intramuscular,"50 mg",active
Ciprofloxacino,"Cipro 400",Suspensión,Ciprofloxacino,Ótica,"5 ml",active
Naproxeno,"Aleve 100",Tabletas,Naproxeno,Rectal,"10 mg",active
Loratadina,"Claritin 700",Crema,Loratadina,Sublingual,"500 mcg",active
Omeprazol,"Prilosec 700",Tabletas,Omeprazol,Rectal,"100 mg",active
Omeprazol,"Prilosec 100",Inhalador,Omeprazol,Oral,"2 mg",active
Loratadina,"Claritin 600",Gotas,Loratadina,Inhalatoria,"1 g",active
Fluoxetina,"Prozac 800",Inhalador,Fluoxetina,Inhalatoria,"20 mg",active
Losartan,"Cozaar 500",Inyectable,Losartan,Ótica,"10 mg",active
Losartan,"Cozaar 300",Supositorios,Losartan,Inhalatoria,"10 mg",active
Loratadina,"Claritin 600",Supositorios,Loratadina,Sublingual,"500 mg",active
Ketorolaco,"Toradol 800",Gotas,Ketorolaco,Inhalatoria,"500 mg",active
Amoxicilina,"Amoxil 200",Pomada,Amoxicilina,Ótica,"250 mg",active
Metformina,"Glucophage 500",Inhalador,Metformina,Intramuscular,"2 mg",active
Losartan,"Cozaar 500",Tabletas,Losartan,Ótica,"50 mg",active
Dexametasona,"Decadron 700",Inyectable,Dexametasona,Inhalatoria,"100 mg",active
Ibuprofeno,"Advil 100",Gotas,Ibuprofeno,Oftálmica,"50 mg/ml",active
Amoxicilina,"Amoxil 900",Tabletas,Amoxicilina,Rectal,"100 ml",active
Naproxeno,"Aleve 100",Cápsulas,Naproxeno,Inhalatoria,"20 mg",active
Metformina,"Glucophage 800",Inhalador,Metformina,Intramuscular,"10 mg",active
Atorvastatina,"Lipitor 300",Crema,Atorvastatina,Sublingual,"10 mg",active
Sertralina,"Zoloft 400",Inhalador,Sertralina,Inhalatoria,"10 mg",active
Ketorolaco,"Toradol 900",Pomada,Ketorolaco,Intravenosa,"100 ml",active
Loratadina,"Claritin 500",Crema,Loratadina,Ótica,"100 mg",active
Sertralina,"Zoloft 300",Cápsulas,Sertralina,Intramuscular,"100 ml",active
Clonazepam,"Klonopin 400",Crema,Clonazepam,Inhalatoria,"100 ml",active
Fluoxetina,"Prozac 800",Inhalador,Fluoxetina,Tópica,"500 mg",active
Ibuprofeno,"Advil 700",Jarabe,Ibuprofeno,Oral,"250 mg",active
Metformina,"Glucophage 200",Suspensión,Metformina,Intravenosa,"100 mg",active
Loratadina,"Claritin 300",Suspensión,Loratadina,Sublingual,"5 ml",active
Dexametasona,"Decadron 100",Tabletas,Dexametasona,Inhalatoria,"250 mg",active
Ketorolaco,"Toradol 300",Pomada,Ketorolaco,Ótica,"100 mg",active
Fluoxetina,"Prozac 900",Inyectable,Fluoxetina,Oftálmica,"850 mg",active
Fluoxetina,"Prozac 400",Supositorios,Fluoxetina,Ótica,"500 mg",active
Salbutamol,"Ventolin 400",Jarabe,Salbutamol,Tópica,"500 mg",active
Amoxicilina,"Amoxil 600",Pomada,Amoxicilina,Rectal,"850 mg",active
Amoxicilina,"Amoxil 500",Inyectable,Amoxicilina,Rectal,"100 mg",active
Clonazepam,"Klonopin 200",Pomada,Clonazepam,Ótica,"250 mg",active
Sertralina,"Zoloft 300",Cápsulas,Sertralina,Oftálmica,"50 mg/ml",active
Enalapril,"Vasotec 600",Suspensión,Enalapril,Oftálmica,"100 mg",active
Dexametasona,"Decadron 600",Jarabe,Dexametasona,Sublingual,"10 mg",active
Salbutamol,"Ventolin 600",Crema,Salbutamol,Oral,"1 g",active
Omeprazol,"Prilosec 900",Supositorios,Omeprazol,Oral,"500 mcg",active
Fluoxetina,"Prozac 900",Cápsulas,Fluoxetina,Sublingual,"5 ml",active
Omeprazol,"Prilosec 900",Inyectable,Omeprazol,Tópica,"400 mg",active
Fluoxetina,"Prozac 300",Crema,Fluoxetina,Tópica,"500 mcg",active
Enalapril,"Vasotec 100",Pomada,Enalapril,Intravenosa,"500 mcg",active
Atorvastatina,"Lipitor 600",Inyectable,Atorvastatina,Intramuscular,"50 mg/ml",active
Metformina,"Glucophage 400",Inhalador,Metformina,Inhalatoria,"10 mg",active
Amoxicilina,"Amoxil 700",Inhalador,Amoxicilina,Sublingual,"400 mg",active
Loratadina,"Claritin 600",Jarabe,Loratadina,Oral,"1 g",active
Azitromicina,"Zithromax 600",Pomada,Azitromicina,Intramuscular,"10 mg",active
Diclofenaco,"Voltaren 500",Pomada,Diclofenaco,Sublingual,"500 mcg",active
Ceftriaxona,"Rocephin 800",Inyectable,Ceftriaxona,Tópica,"50 mg",active
Naproxeno,"Aleve 300",Inyectable,Naproxeno,Sublingual,"500 mcg",active
Salbutamol,"Ventolin 400",Pomada,Salbutamol,Oral,"2 mg",active
Omeprazol,"Prilosec 300",Pomada,Omeprazol,Intravenosa,"50 mg",active
Paracetamol,"Tylenol 800",Supositorios,Paracetamol,Ótica,"20 mg",active
Enalapril,"Vasotec 900",Tabletas,Enalapril,Ótica,"50 mg",active
Ibuprofeno,"Advil 900",Inhalador,Ibuprofeno,Ótica,"20 mg",active
Ciprofloxacino,"Cipro 100",Supositorios,Ciprofloxacino,Oftálmica,"50 mg",active
Losartan,"Cozaar 200",Inyectable,Losartan,Intramuscular,"10 mg",active
Diclofenaco,"Voltaren 500",Inyectable,Diclofenaco,Rectal,"2 mg",active
Salbutamol,"Ventolin 400",Inhalador,Salbutamol,Oftálmica,"1 g",active
Amoxicilina,"Amoxil 200",Pomada,Amoxicilina,Inhalatoria,"250 mg",active
Clonazepam,"Klonopin 900",Gotas,Clonazepam,Rectal,"850 mg",active
Sertralina,"Zoloft 600",Pomada,Sertralina,Intravenosa,"1 g",active
Fluoxetina,"Prozac 600",Cápsulas,Fluoxetina,Tópica,"100 mg",active
Ketorolaco,"Toradol 600",Cápsulas,Ketorolaco,Tópica,"250 mg",active
Dexametasona,"Decadron 700",Supositorios,Dexametasona,Sublingual,"400 mg",active
Metformina,"Glucophage 300",Suspensión,Metformina,Ótica,"100 mg",active
Omeprazol,"Prilosec 800",Jarabe,Omeprazol,Oral,"500 mg",active
Ketorolaco,"Toradol 200",Cápsulas,Ketorolaco,Tópica,"100 ml",active
Clonazepam,"Klonopin 400",Inyectable,Clonazepam,Inhalatoria,"500 mcg",active
Fluoxetina,"Prozac 300",Inyectable,Fluoxetina,Ótica,"20 mg",active
Diclofenaco,"Voltaren 900",Pomada,Diclofenaco,Oral,"2 mg",active
Ibuprofeno,"Advil 200",Suspensión,Ibuprofeno,Intravenosa,"500 mg",active
Ketorolaco,"Toradol 500",Jarabe,Ketorolaco,Oral,"10 mg",active
Losartan,"Cozaar 500",Gotas,Losartan,Ótica,"400 mg",active
Naproxeno,"Aleve 100",Inhalador,Naproxeno,Inhalatoria,"100 mg",active
Atorvastatina,"Lipitor 100",Jarabe,Atorvastatina,Oftálmica,"400 mg",active
Ibuprofeno,"Advil 500",Inyectable,Ibuprofeno,Tópica,"10 mg",active
Dexametasona,"Decadron 700",Supositorios,Dexametasona,Intravenosa,"1 g",active
Diclofenaco,"Voltaren 600",Inyectable,Diclofenaco,Sublingual,"400 mg",active
Azitromicina,"Zithromax 900",Pomada,Azitromicina,Oftálmica,"100 mg",active
Ciprofloxacino,"Cipro 200",Gotas,Ciprofloxacino,Sublingual,"500 mcg",active
Azitromicina,"Zithromax 300",Inhalador,Azitromicina,Oral,"500 mcg",active
Azitromicina,"Zithromax 100",Tabletas,Azitromicina,Intravenosa,"5 ml",active
Ibuprofeno,"Advil 200",Pomada,Ibuprofeno,Intramuscular,"500 mg",active
Atorvastatina,"Lipitor 300",Supositorios,Atorvastatina,Oral,"5 ml",active
Naproxeno,"Aleve 200",Suspensión,Naproxeno,Intramuscular,"500 mg",active
Amoxicilina,"Amoxil 800",Suspensión,Amoxicilina,Oral,"500 mcg",active
Ketorolaco,"Toradol 700",Gotas,Ketorolaco,Rectal,"250 mg",active
Paracetamol,"Tylenol 600",Supositorios,Paracetamol,Intramuscular,"5 ml",active
Amoxicilina,"Amoxil 700",Pomada,Amoxicilina,Sublingual,"500 mg",active
Ceftriaxona,"Rocephin 400",Cápsulas,Ceftriaxona,Inhalatoria,"500 mg",active
Dexametasona,"Decadron 400",Gotas,Dexametasona,Intravenosa,"5 ml",active
Enalapril,"Vasotec 200",Inyectable,Enalapril,Oftálmica,"50 mg",active
Losartan,"Cozaar 600",Inhalador,Losartan,Ótica,"500 mg",active
Ciprofloxacino,"Cipro 800",Inyectable,Ciprofloxacino,Inhalatoria,"400 mg",active
Amoxicilina,"Amoxil 600",Gotas,Amoxicilina,Rectal,"500 mcg",active
Salbutamol,"Ventolin 200",Inyectable,Salbutamol,Ótica,"250 mg",active
Metformina,"Glucophage 300",Pomada,Metformina,Sublingual,"20 mg",active
Azitromicina,"Zithromax 700",Inhalador,Azitromicina,Oftálmica,"500 mg",active
Ketorolaco,"Toradol 500",Crema,Ketorolaco,Intravenosa,"10 mg",active
Losartan,"Cozaar 700",Supositorios,Losartan,Intramuscular,"500 mg",active
Clonazepam,"Klonopin 900",Tabletas,Clonazepam,Ótica,"5 ml",active
Dexametasona,"Decadron 300",Cápsulas,Dexametasona,Sublingual,"10 mg",active
Sertralina,"Zoloft 200",Pomada,Sertralina,Sublingual,"250 mg",active
Ciprofloxacino,"Cipro 500",Supositorios,Ciprofloxacino,Rectal,"2 mg",active
Omeprazol,"Prilosec 200",Crema,Omeprazol,Ótica,"500 mcg",active
Ceftriaxona,"Rocephin 800",Inhalador,Ceftriaxona,Oftálmica,"50 mg/ml",active
Naproxeno,"Aleve 900",Jarabe,Naproxeno,Sublingual,"5 ml",active
Ketorolaco,"Toradol 400",Inhalador,Ketorolaco,Ótica,"100 mg",active
Atorvastatina,"Lipitor 500",Cápsulas,Atorvastatina,Inhalatoria,"250 mg",active
Diclofenaco,"Voltaren 100",Gotas,Diclofenaco,Oftálmica,"100 ml",active
Ceftriaxona,"Rocephin 900",Crema,Ceftriaxona,Rectal,"20 mg",active
Paracetamol,"Tylenol 200",Cápsulas,Paracetamol,Intravenosa,"250 mg",active
Losartan,"Cozaar 600",Pomada,Losartan,Ótica,"50 mg",active
Metformina,"Glucophage 300",Inyectable,Metformina,Intramuscular,"100 ml",active
Azitromicina,"Zithromax 800",Supositorios,Azitromicina,Inhalatoria,"1 g",active
Salbutamol,"Ventolin 800",Pomada,Salbutamol,Ótica,"1 g",active
Dexametasona,"Decadron 900",Supositorios,Dexametasona,Oral,"10 mg",active
Dexametasona,"Decadron 900",Tabletas,Dexametasona,Tópica,"100 ml",active
Azitromicina,"Zithromax 200",Tabletas,Azitromicina,Rectal,"100 mg",active
Naproxeno,"Aleve 900",Supositorios,Naproxeno,Ótica,"250 mg",active
Loratadina,"Claritin 500",Cápsulas,Loratadina,Rectal,"500 mcg",active
Ceftriaxona,"Rocephin 700",Suspensión,Ceftriaxona,Rectal,"100 mg",active
Sertralina,"Zoloft 400",Crema,Sertralina,Oftálmica,"20 mg",active
Metformina,"Glucophage 500",Jarabe,Metformina,Ótica,"5 ml",active
Naproxeno,"Aleve 400",Tabletas,Naproxeno,Oftálmica,"850 mg",active
Ibuprofeno,"Advil 500",Cápsulas,Ibuprofeno,Intramuscular,"20 mg",active
Metformina,"Glucophage 300",Inhalador,Metformina,Intravenosa,"250 mg",active
Salbutamol,"Ventolin 200",Suspensión,Salbutamol,Ótica,"850 mg",active
Omeprazol,"Prilosec 200",Suspensión,Omeprazol,Ótica,"500 mg",active
Salbutamol,"Ventolin 200",Crema,Salbutamol,Intravenosa,"250 mg",active
Ciprofloxacino,"Cipro 400",Pomada,Ciprofloxacino,Intravenosa,"400 mg",active
Fluoxetina,"Prozac 800",Pomada,Fluoxetina,Intramuscular,"50 mg",active
Omeprazol,"Prilosec 500",Gotas,Omeprazol,Oftálmica,"20 mg",active
Salbutamol,"Ventolin 900",Gotas,Salbutamol,Ótica,"500 mcg",active
Enalapril,"Vasotec 100",Pomada,Enalapril,Tópica,"400 mg",active
Ciprofloxacino,"Cipro 300",Supositorios,Ciprofloxacino,Ótica,"20 mg",active
Azitromicina,"Zithromax 500",Inyectable,Azitromicina,Oftálmica,"400 mg",active
Naproxeno,"Aleve 400",Jarabe,Naproxeno,Oftálmica,"50 mg/ml",active
Loratadina,"Claritin 800",Pomada,Loratadina,Sublingual,"100 ml",active
Diclofenaco,"Voltaren 400",Jarabe,Diclofenaco,Rectal,"5 ml",active
Ibuprofeno,"Advil 900",Crema,Ibuprofeno,Oftálmica,"500 mg",active
Losartan,"Cozaar 400",Pomada,Losartan,Oftálmica,"500 mcg",active
Ketorolaco,"Toradol 500",Suspensión,Ketorolaco,Oral,"250 mg",active
Paracetamol,"Tylenol 200",Pomada,Paracetamol,Ótica,"500 mg",active
Ketorolaco,"Toradol 100",Inyectable,Ketorolaco,Rectal,"850 mg",active
Enalapril,"Vasotec 700",Supositorios,Enalapril,Intramuscular,"500 mg",active
Salbutamol,"Ventolin 900",Crema,Salbutamol,Rectal,"100 mg",active
Clonazepam,"Klonopin 800",Suspensión,Clonazepam,Tópica,"2 mg",active
Atorvastatina,"Lipitor 300",Supositorios,Atorvastatina,Ótica,"50 mg",active
Ciprofloxacino,"Cipro 900",Tabletas,Ciprofloxacino,Oftálmica,"850 mg",active
Dexametasona,"Decadron 400",Crema,Dexametasona,Sublingual,"50 mg/ml",active
Losartan,"Cozaar 200",Crema,Losartan,Sublingual,"50 mg",active
Azitromicina,"Zithromax 600",Inhalador,Azitromicina,Intramuscular,"20 mg",active
Clonazepam,"Klonopin 400",Inyectable,Clonazepam,Rectal,"50 mg/ml",active
Dexametasona,"Decadron 900",Cápsulas,Dexametasona,Inhalatoria,"10 mg",active
Dexametasona,"Decadron 500",Jarabe,Dexametasona,Sublingual,"20 mg",active
Diclofenaco,"Voltaren 900",Cápsulas,Diclofenaco,Intramuscular,"50 mg",active
Atorvastatina,"Lipitor 300",Gotas,Atorvastatina,Oftálmica,"2 mg",active
Clonazepam,"Klonopin 200",Crema,Clonazepam,Oftálmica,"500 mg",active
Diclofenaco,"Voltaren 500",Pomada,Diclofenaco,Intravenosa,"50 mg/ml",active
Losartan,"Cozaar 700",Gotas,Losartan,Oral,"50 mg/ml",active
Losartan,"Cozaar 600",Supositorios,Losartan,Intramuscular,"500 mcg",active
Losartan,"Cozaar 800",Suspensión,Losartan,Rectal,"5 ml",active
Ibuprofeno,"Advil 600",Inhalador,Ibuprofeno,Intramuscular,"50 mg",active
Losartan,"Cozaar 200",Jarabe,Losartan,Sublingual,"500 mcg",active
Losartan,"Cozaar 900",Gotas,Losartan,Rectal,"50 mg/ml",active
Azitromicina,"Zithromax 800",Inyectable,Azitromicina,Inhalatoria,"100 ml",active
Ceftriaxona,"Rocephin 800",Tabletas,Ceftriaxona,Tópica,"850 mg",active
Sertralina,"Zoloft 200",Jarabe,Sertralina,Sublingual,"100 ml",active
Clonazepam,"Klonopin 200",Crema,Clonazepam,Intravenosa,"100 mg",active
Ceftriaxona,"Rocephin 200",Inyectable,Ceftriaxona,Intravenosa,"250 mg",active
Ceftriaxona,"Rocephin 800",Tabletas,Ceftriaxona,Intramuscular,"100 ml",active
Dexametasona,"Decadron 400",Inyectable,Dexametasona,Intramuscular,"100 ml",active
Diclofenaco,"Voltaren 200",Inyectable,Diclofenaco,Oftálmica,"1 g",active
Clonazepam,"Klonopin 100",Tabletas,Clonazepam,Sublingual,"500 mg",active
Atorvastatina,"Lipitor 600",Inyectable,Atorvastatina,Tópica,"1 g",active
Ibuprofeno,"Advil 900",Suspensión,Ibuprofeno,Intramuscular,"10 mg",active
Fluoxetina,"Prozac 700",Inhalador,Fluoxetina,Tópica,"20 mg",active
Fluoxetina,"Prozac 400",Inhalador,Fluoxetina,Tópica,"50 mg",active
Paracetamol,"Tylenol 200",Gotas,Paracetamol,Oral,"850 mg",active
Fluoxetina,"Prozac 200",Cápsulas,Fluoxetina,Ótica,"10 mg",active
Naproxeno,"Aleve 800",Crema,Naproxeno,Intravenosa,"100 ml",active
Fluoxetina,"Prozac 700",Supositorios,Fluoxetina,Sublingual,"100 ml",active
Ciprofloxacino,"Cipro 300",Suspensión,Ciprofloxacino,Rectal,"10 mg",active
Naproxeno,"Aleve 500",Cápsulas,Naproxeno,Inhalatoria,"50 mg",active
Ceftriaxona,"Rocephin 600",Suspensión,Ceftriaxona,Oral,"500 mcg",active
Amoxicilina,"Amoxil 600",Inhalador,Amoxicilina,Ótica,"2 mg",active
Paracetamol,"Tylenol 800",Crema,Paracetamol,Sublingual,"2 mg",active
Ceftriaxona,"Rocephin 100",Crema,Ceftriaxona,Intravenosa,"500 mg",active
Metformina,"Glucophage 500",Gotas,Metformina,Oral,"10 mg",active
Ibuprofeno,"Advil 600",Cápsulas,Ibuprofeno,Oral,"500 mcg",active
Naproxeno,"Aleve 400",Jarabe,Naproxeno,Sublingual,"100 mg",active
Metformina,"Glucophage 200",Gotas,Metformina,Ótica,"10 mg",active
Metformina,"Glucophage 300",Cápsulas,Metformina,Ótica,"250 mg",active
Amoxicilina,"Amoxil 800",Cápsulas,Amoxicilina,Inhalatoria,"100 mg",active
Naproxeno,"Aleve 400",Gotas,Naproxeno,Oral,"1 g",active
Metformina,"Glucophage 500",Jarabe,Metformina,Rectal,"20 mg",active
Sertralina,"Zoloft 300",Crema,Sertralina,Intravenosa,"50 mg/ml",active
Atorvastatina,"Lipitor 400",Suspensión,Atorvastatina,Oral,"500 mcg",active
Salbutamol,"Ventolin 100",Inyectable,Salbutamol,Oral,"500 mg",active
Salbutamol,"Ventolin 100",Pomada,Salbutamol,Oftálmica,"5 ml",active
Azitromicina,"Zithromax 700",Jarabe,Azitromicina,Ótica,"250 mg",active
Diclofenaco,"Voltaren 900",Suspensión,Diclofenaco,Sublingual,"250 mg",active
Atorvastatina,"Lipitor 500",Suspensión,Atorvastatina,Rectal,"2 mg",active
Clonazepam,"Klonopin 500",Crema,Clonazepam,Oral,"100 ml",active
Naproxeno,"Aleve 900",Tabletas,Naproxeno,Sublingual,"850 mg",active
Losartan,"Cozaar 900",Pomada,Losartan,Rectal,"500 mg",active
Ibuprofeno,"Advil 100",Gotas,Ibuprofeno,Sublingual,"20 mg",active
Azitromicina,"Zithromax 400",Cápsulas,Azitromicina,Tópica,"500 mg",active
Amoxicilina,"Amoxil 200",Cápsulas,Amoxicilina,Inhalatoria,"10 mg",active
Clonazepam,"Klonopin 100",Crema,Clonazepam,Rectal,"250 mg",active
Paracetamol,"Tylenol 600",Gotas,Paracetamol,Rectal,"20 mg",active
Naproxeno,"Aleve 100",Crema,Naproxeno,Inhalatoria,"400 mg",active
Ceftriaxona,"Rocephin 200",Inhalador,Ceftriaxona,Ótica,"100 mg",active
Loratadina,"Claritin 100",Gotas,Loratadina,Intramuscular,"50 mg",active
Salbutamol,"Ventolin 800",Inhalador,Salbutamol,Intramuscular,"20 mg",active
Metformina,"Glucophage 400",Crema,Metformina,Ótica,"10 mg",active
Salbutamol,"Ventolin 900",Inhalador,Salbutamol,Sublingual,"50 mg",active
Loratadina,"Claritin 400",Crema,Loratadina,Intramuscular,"10 mg",active
Azitromicina,"Zithromax 600",Pomada,Azitromicina,Tópica,"2 mg",active
Ceftriaxona,"Rocephin 400",Pomada,Ceftriaxona,Ótica,"500 mcg",active
Enalapril,"Vasotec 100",Pomada,Enalapril,Inhalatoria,"20 mg",active
Ceftriaxona,"Rocephin 800",Suspensión,Ceftriaxona,Intramuscular,"250 mg",active
Ketorolaco,"Toradol 100",Inyectable,Ketorolaco,Oral,"850 mg",active
Loratadina,"Claritin 500",Inhalador,Loratadina,Tópica,"850 mg",active
Amoxicilina,"Amoxil 200",Gotas,Amoxicilina,Inhalatoria,"50 mg",active
Atorvastatina,"Lipitor 700",Suspensión,Atorvastatina,Oftálmica,"500 mcg",active
Diclofenaco,"Voltaren 300",Jarabe,Diclofenaco,Inhalatoria,"5 ml",active
Losartan,"Cozaar 300",Jarabe,Losartan,Ótica,"400 mg",active
Amoxicilina,"Amoxil 600",Crema,Amoxicilina,Ótica,"500 mg",active
Dexametasona,"Decadron 900",Supositorios,Dexametasona,Oftálmica,"50 mg",active
Salbutamol,"Ventolin 300",Jarabe,Salbutamol,Rectal,"100 mg",active
Dexametasona,"Decadron 100",Inyectable,Dexametasona,Oral,"20 mg",active
Clonazepam,"Klonopin 600",Inyectable,Clonazepam,Sublingual,"5 ml",active
Ciprofloxacino,"Cipro 700",Jarabe,Ciprofloxacino,Oftálmica,"2 mg",active
Clonazepam,"Klonopin 100",Pomada,Clonazepam,Sublingual,"10 mg",active
Enalapril,"Vasotec 700",Tabletas,Enalapril,Inhalatoria,"10 mg",active
Ceftriaxona,"Rocephin 800",Crema,Ceftriaxona,Oftálmica,"250 mg",active
Ibuprofeno,"Advil 300",Cápsulas,Ibuprofeno,Ótica,"500 mg",active
Loratadina,"Claritin 200",Gotas,Loratadina,Oral,"100 ml",active
Ketorolaco,"Toradol 300",Pomada,Ketorolaco,Sublingual,"10 mg",active
Dexametasona,"Decadron 100",Gotas,Dexametasona,Oral,"50 mg/ml",active
Salbutamol,"Ventolin 500",Gotas,Salbutamol,Tópica,"20 mg",active
Naproxeno,"Aleve 600",Pomada,Naproxeno,Ótica,"50 mg/ml",active
Amoxicilina,"Amoxil 200",Cápsulas,Amoxicilina,Inhalatoria,"1 g",active
Clonazepam,"Klonopin 700",Crema,Clonazepam,Sublingual,"100 ml",active
Amoxicilina,"Amoxil 400",Inyectable,Amoxicilina,Tópica,"50 mg/ml",active
Diclofenaco,"Voltaren 800",Inhalador,Diclofenaco,Intramuscular,"100 mg",active
Dexametasona,"Decadron 700",Supositorios,Dexametasona,Rectal,"50 mg",active
Loratadina,"Claritin 200",Crema,Loratadina,Tópica,"5 ml",active
Dexametasona,"Decadron 200",Crema,Dexametasona,Sublingual,"500 mg",active
Paracetamol,"Tylenol 400",Inyectable,Paracetamol,Oral,"50 mg/ml",active
Diclofenaco,"Voltaren 500",Inyectable,Diclofenaco,Intravenosa,"250 mg",active
Ibuprofeno,"Advil 600",Suspensión,Ibuprofeno,Intravenosa,"100 ml",active
Azitromicina,"Zithromax 700",Tabletas,Azitromicina,Sublingual,"50 mg/ml",active
Paracetamol,"Tylenol 800",Jarabe,Paracetamol,Rectal,"100 mg",active
Clonazepam,"Klonopin 400",Supositorios,Clonazepam,Intramuscular,"2 mg",active
Salbutamol,"Ventolin 200",Supositorios,Salbutamol,Intravenosa,"400 mg",active
Ciprofloxacino,"Cipro 200",Pomada,Ciprofloxacino,Ótica,"10 mg",active
Metformina,"Glucophage 500",Suspensión,Metformina,Sublingual,"100 ml",active
Sertralina,"Zoloft 200",Jarabe,Sertralina,Oftálmica,"5 ml",active
Diclofenaco,"Voltaren 500",Suspensión,Diclofenaco,Intramuscular,"50 mg",active
Omeprazol,"Prilosec 800",Supositorios,Omeprazol,Sublingual,"50 mg/ml",active
Dexametasona,"Decadron 400",Cápsulas,Dexametasona,Ótica,"500 mg",active
Clonazepam,"Klonopin 500",Pomada,Clonazepam,Sublingual,"50 mg",active
Amoxicilina,"Amoxil 900",Suspensión,Amoxicilina,Ótica,"50 mg",active
Sertralina,"Zoloft 500",Gotas,Sertralina,Intravenosa,"10 mg",active
Omeprazol,"Prilosec 200",Inyectable,Omeprazol,Ótica,"500 mcg",active
Amoxicilina,"Amoxil 800",Supositorios,Amoxicilina,Tópica,"1 g",active
Enalapril,"Vasotec 600",Inyectable,Enalapril,Rectal,"100 mg",active
Losartan,"Cozaar 300",Inhalador,Losartan,Sublingual,"20 mg",active
Losartan,"Cozaar 900",Inhalador,Losartan,Inhalatoria,"500 mcg",active
Omeprazol,"Prilosec 600",Tabletas,Omeprazol,Intravenosa,"400 mg",active
Ketorolaco,"Toradol 700",Tabletas,Ketorolaco,Intramuscular,"850 mg",active
Ciprofloxacino,"Cipro 100",Inhalador,Ciprofloxacino,Ótica,"500 mg",active
Dexametasona,"Decadron 300",Gotas,Dexametasona,Rectal,"500 mg",active
Atorvastatina,"Lipitor 800",Gotas,Atorvastatina,Ótica,"50 mg",active
Omeprazol,"Prilosec 400",Cápsulas,Omeprazol,Inhalatoria,"250 mg",active
Metformina,"Glucophage 800",Inhalador,Metformina,Sublingual,"500 mcg",active
Ibuprofeno,"Advil 700",Tabletas,Ibuprofeno,Sublingual,"20 mg",active
Enalapril,"Vasotec 500",Jarabe,Enalapril,Tópica,"20 mg",active
Omeprazol,"Prilosec 300",Pomada,Omeprazol,Oral,"1 g",active
Ceftriaxona,"Rocephin 800",Jarabe,Ceftriaxona,Inhalatoria,"100 mg",active
Enalapril,"Vasotec 300",Supositorios,Enalapril,Ótica,"2 mg",active
Loratadina,"Claritin 600",Cápsulas,Loratadina,Ótica,"10 mg",active
Sertralina,"Zoloft 600",Cápsulas,Sertralina,Oral,"10 mg",active
Azitromicina,"Zithromax 100",Crema,Azitromicina,Inhalatoria,"250 mg",active
Amoxicilina,"Amoxil 100",Supositorios,Amoxicilina,Oftálmica,"50 mg",active
Atorvastatina,"Lipitor 800",Inhalador,Atorvastatina,Sublingual,"10 mg",active
Atorvastatina,"Lipitor 100",Cápsulas,Atorvastatina,Intravenosa,"10 mg",active
Diclofenaco,"Voltaren 100",Cápsulas,Diclofenaco,Rectal,"20 mg",active
Azitromicina,"Zithromax 200",Supositorios,Azitromicina,Inhalatoria,"850 mg",active
Naproxeno,"Aleve 500",Crema,Naproxeno,Inhalatoria,"250 mg",active
Loratadina,"Claritin 900",Cápsulas,Loratadina,Rectal,"500 mcg",active
Ciprofloxacino,"Cipro 400",Supositorios,Ciprofloxacino,Sublingual,"100 ml",active
Atorvastatina,"Lipitor 100",Inyectable,Atorvastatina,Intravenosa,"5 ml",active
Fluoxetina,"Prozac 900",Cápsulas,Fluoxetina,Oftálmica,"2 mg",active
Ceftriaxona,"Rocephin 800",Suspensión,Ceftriaxona,Ótica,"2 mg",active
Naproxeno,"Aleve 300",Tabletas,Naproxeno,Ótica,"50 mg",active
Diclofenaco,"Voltaren 400",Tabletas,Diclofenaco,Inhalatoria,"500 mg",active
Dexametasona,"Decadron 300",Cápsulas,Dexametasona,Inhalatoria,"50 mg/ml",active
Enalapril,"Vasotec 600",Inhalador,Enalapril,Oftálmica,"1 g",active
Ciprofloxacino,"Cipro 800",Inhalador,Ciprofloxacino,Tópica,"50 mg/ml",active
Metformina,"Glucophage 100",Tabletas,Metformina,Sublingual,"2 mg",active
Enalapril,"Vasotec 400",Cápsulas,Enalapril,Rectal,"10 mg",active
Omeprazol,"Prilosec 500",Pomada,Omeprazol,Ótica,"5 ml",active
Fluoxetina,"Prozac 600",Tabletas,Fluoxetina,Intramuscular,"50 mg/ml",active
Azitromicina,"Zithromax 900",Inyectable,Azitromicina,Intramuscular,"250 mg",active
Clonazepam,"Klonopin 400",Pomada,Clonazepam,Tópica,"100 mg",active
Omeprazol,"Prilosec 500",Crema,Omeprazol,Inhalatoria,"50 mg/ml",active
Paracetamol,"Tylenol 300",Inyectable,Paracetamol,Inhalatoria,"500 mg",active
Enalapril,"Vasotec 900",Jarabe,Enalapril,Intramuscular,"10 mg",active
Ciprofloxacino,"Cipro 900",Crema,Ciprofloxacino,Ótica,"1 g",active
Salbutamol,"Ventolin 500",Crema,Salbutamol,Ótica,"50 mg",active
Metformina,"Glucophage 400",Suspensión,Metformina,Tópica,"500 mg",active
Ibuprofeno,"Advil 800",Gotas,Ibuprofeno,Sublingual,"1 g",active
Ketorolaco,"Toradol 200",Crema,Ketorolaco,Oral,"100 ml",active
Ceftriaxona,"Rocephin 300",Inhalador,Ceftriaxona,Rectal,"400 mg",active
Ibuprofeno,"Advil 400",Tabletas,Ibuprofeno,Inhalatoria,"850 mg",active
Azitromicina,"Zithromax 800",Crema,Azitromicina,Ótica,"10 mg",active
Metformina,"Glucophage 100",Cápsulas,Metformina,Ótica,"400 mg",active
Ibuprofeno,"Advil 300",Pomada,Ibuprofeno,Oral,"5 ml",active
Fluoxetina,"Prozac 300",Gotas,Fluoxetina,Sublingual,"850 mg",active
Ibuprofeno,"Advil 300",Suspensión,Ibuprofeno,Sublingual,"5 ml",active
Ceftriaxona,"Rocephin 700",Pomada,Ceftriaxona,Ótica,"2 mg",active
Ceftriaxona,"Rocephin 400",Jarabe,Ceftriaxona,Sublingual,"5 ml",active
Naproxeno,"Aleve 900",Gotas,Naproxeno,Oftálmica,"1 g",active
Azitromicina,"Zithromax 500",Inyectable,Azitromicina,Rectal,"5 ml",active
Amoxicilina,"Amoxil 800",Inyectable,Amoxicilina,Rectal,"250 mg",active
Amoxicilina,"Amoxil 700",Supositorios,Amoxicilina,Intravenosa,"850 mg",active
Losartan,"Cozaar 900",Inyectable,Losartan,Ótica,"850 mg",active
Dexametasona,"Decadron 900",Suspensión,Dexametasona,Ótica,"500 mcg",active
Atorvastatina,"Lipitor 300",Inyectable,Atorvastatina,Sublingual,"500 mcg",active
Losartan,"Cozaar 400",Crema,Losartan,Oral,"5 ml",active
Paracetamol,"Tylenol 200",Supositorios,Paracetamol,Inhalatoria,"1 g",active
Naproxeno,"Aleve 800",Inhalador,Naproxeno,Intravenosa,"500 mg",active
Loratadina,"Claritin 100",Supositorios,Loratadina,Ótica,"400 mg",active
Naproxeno,"Aleve 900",Tabletas,Naproxeno,Intravenosa,"400 mg",active
Omeprazol,"Prilosec 300",Tabletas,Omeprazol,Oral,"20 mg",active
Diclofenaco,"Voltaren 400",Inhalador,Diclofenaco,Oftálmica,"400 mg",active
Amoxicilina,"Amoxil 600",Suspensión,Amoxicilina,Ótica,"20 mg",active
Naproxeno,"Aleve 500",Cápsulas,Naproxeno,Intravenosa,"20 mg",active
Naproxeno,"Aleve 600",Supositorios,Naproxeno,Oftálmica,"1 g",active
Ketorolaco,"Toradol 100",Suspensión,Ketorolaco,Intravenosa,"2 mg",active
Sertralina,"Zoloft 700",Jarabe,Sertralina,Intravenosa,"400 mg",active
Ceftriaxona,"Rocephin 900",Supositorios,Ceftriaxona,Oral,"5 ml",active
Metformina,"Glucophage 900",Supositorios,Metformina,Sublingual,"5 ml",active
Ciprofloxacino,"Cipro 300",Gotas,Ciprofloxacino,Oral,"850 mg",active
Sertralina,"Zoloft 900",Inhalador,Sertralina,Rectal,"1 g",active
Ciprofloxacino,"Cipro 200",Supositorios,Ciprofloxacino,Inhalatoria,"500 mcg",active
Diclofenaco,"Voltaren 500",Inyectable,Diclofenaco,Sublingual,"250 mg",active
Naproxeno,"Aleve 200",Gotas,Naproxeno,Intravenosa,"50 mg",active
Azitromicina,"Zithromax 800",Cápsulas,Azitromicina,Intravenosa,"500 mcg",active
Enalapril,"Vasotec 800",Inyectable,Enalapril,Rectal,"500 mcg",active
Ketorolaco,"Toradol 600",Inhalador,Ketorolaco,Tópica,"400 mg",active
Ibuprofeno,"Advil 900",Cápsulas,Ibuprofeno,Oftálmica,"100 ml",active
Metformina,"Glucophage 200",Supositorios,Metformina,Sublingual,"500 mg",active
Enalapril,"Vasotec 700",Inyectable,Enalapril,Sublingual,"20 mg",active
Salbutamol,"Ventolin 200",Jarabe,Salbutamol,Oral,"400 mg",active
Atorvastatina,"Lipitor 700",Inyectable,Atorvastatina,Intravenosa,"100 mg",active
Omeprazol,"Prilosec 300",Inhalador,Omeprazol,Tópica,"850 mg",active
Omeprazol,"Prilosec 900",Inhalador,Omeprazol,Intramuscular,"850 mg",active
Amoxicilina,"Amoxil 800",Cápsulas,Amoxicilina,Intravenosa,"500 mg",active
Amoxicilina,"Amoxil 400",Tabletas,Amoxicilina,Ótica,"500 mcg",active
Azitromicina,"Zithromax 600",Suspensión,Azitromicina,Intramuscular,"100 mg",active
Dexametasona,"Decadron 900",Inhalador,Dexametasona,Oral,"400 mg",active
Salbutamol,"Ventolin 800",Inhalador,Salbutamol,Sublingual,"850 mg",active
Losartan,"Cozaar 300",Pomada,Losartan,Ótica,"500 mcg",active
Atorvastatina,"Lipitor 100",Crema,Atorvastatina,Sublingual,"50 mg/ml",active
Atorvastatina,"Lipitor 400",Cápsulas,Atorvastatina,Oftálmica,"50 mg/ml",active
Dexametasona,"Decadron 800",Cápsulas,Dexametasona,Inhalatoria,"5 ml",active
Dexametasona,"Decadron 500",Crema,Dexametasona,Oral,"100 ml",active
Ceftriaxona,"Rocephin 900",Tabletas,Ceftriaxona,Sublingual,"50 mg/ml",active
Amoxicilina,"Amoxil 900",Pomada,Amoxicilina,Oftálmica,"400 mg",active
Fluoxetina,"Prozac 600",Jarabe,Fluoxetina,Inhalatoria,"500 mcg",active
Salbutamol,"Ventolin 600",Gotas,Salbutamol,Ótica,"50 mg",active
Atorvastatina,"Lipitor 200",Inyectable,Atorvastatina,Ótica,"250 mg",active
Loratadina,"Claritin 500",Suspensión,Loratadina,Inhalatoria,"100 ml",active
Azitromicina,"Zithromax 300",Crema,Azitromicina,Rectal,"5 ml",active
Azitromicina,"Zithromax 400",Pomada,Azitromicina,Inhalatoria,"50 mg/ml",active
Sertralina,"Zoloft 300",Gotas,Sertralina,Tópica,"50 mg/ml",active
Naproxeno,"Aleve 800",Inyectable,Naproxeno,Oftálmica,"400 mg",active
Ceftriaxona,"Rocephin 800",Cápsulas,Ceftriaxona,Oftálmica,"400 mg",active
Paracetamol,"Tylenol 900",Cápsulas,Paracetamol,Oftálmica,"850 mg",active
Clonazepam,"Klonopin 600",Suspensión,Clonazepam,Intravenosa,"5 ml",active
Fluoxetina,"Prozac 500",Inhalador,Fluoxetina,Tópica,"50 mg/ml",active
Dexametasona,"Decadron 800",Pomada,Dexametasona,Intravenosa,"100 ml",active
Naproxeno,"Aleve 900",Tabletas,Naproxeno,Rectal,"10 mg",active
Clonazepam,"Klonopin 200",Inhalador,Clonazepam,Inhalatoria,"2 mg",active
Clonazepam,"Klonopin 400",Jarabe,Clonazepam,Oftálmica,"10 mg",active
Salbutamol,"Ventolin 600",Suspensión,Salbutamol,Oral,"2 mg",active
Ketorolaco,"Toradol 300",Gotas,Ketorolaco,Tópica,"10 mg",active
Diclofenaco,"Voltaren 800",Supositorios,Diclofenaco,Intravenosa,"1 g",active
Paracetamol,"Tylenol 100",Cápsulas,Paracetamol,Rectal,"10 mg",active
Ciprofloxacino,"Cipro 800",Crema,Ciprofloxacino,Rectal,"850 mg",active
Salbutamol,"Ventolin 200",Inyectable,Salbutamol,Intramuscular,"1 g",active
Omeprazol,"Prilosec 200",Tabletas,Omeprazol,Intramuscular,"500 mcg",active
Loratadina,"Claritin 800",Cápsulas,Loratadina,Rectal,"5 ml",active
Dexametasona,"Decadron 500",Pomada,Dexametasona,Inhalatoria,"100 mg",active
Metformina,"Glucophage 300",Supositorios,Metformina,Oral,"10 mg",active
Ciprofloxacino,"Cipro 200",Jarabe,Ciprofloxacino,Intramuscular,"2 mg",active
Enalapril,"Vasotec 500",Tabletas,Enalapril,Intramuscular,"50 mg/ml",active
Losartan,"Cozaar 100",Inyectable,Losartan,Intramuscular,"50 mg",active
Ciprofloxacino,"Cipro 400",Suspensión,Ciprofloxacino,Intravenosa,"2 mg",active
Diclofenaco,"Voltaren 200",Jarabe,Diclofenaco,Rectal,"1 g",active
Ketorolaco,"Toradol 400",Jarabe,Ketorolaco,Intravenosa,"50 mg/ml",active
Dexametasona,"Decadron 400",Supositorios,Dexametasona,Tópica,"250 mg",active
Naproxeno,"Aleve 500",Crema,Naproxeno,Tópica,"850 mg",active
Paracetamol,"Tylenol 100",Pomada,Paracetamol,Oral,"50 mg",active
Enalapril,"Vasotec 700",Cápsulas,Enalapril,Tópica,"5 ml",active
Clonazepam,"Klonopin 200",Supositorios,Clonazepam,Oftálmica,"100 mg",active
Losartan,"Cozaar 200",Inhalador,Losartan,Ótica,"5 ml",active
Ketorolaco,"Toradol 700",Crema,Ketorolaco,Inhalatoria,"850 mg",active
Ceftriaxona,"Rocephin 900",Suspensión,Ceftriaxona,Sublingual,"1 g",active
Ibuprofeno,"Advil 200",Gotas,Ibuprofeno,Oral,"500 mg",active
Omeprazol,"Prilosec 800",Inhalador,Omeprazol,Intravenosa,"400 mg",active
Losartan,"Cozaar 700",Cápsulas,Losartan,Tópica,"100 ml",active
Clonazepam,"Klonopin 200",Suspensión,Clonazepam,Sublingual,"5 ml",active
Ketorolaco,"Toradol 300",Inhalador,Ketorolaco,Inhalatoria,"500 mcg",active
Dexametasona,"Decadron 400",Cápsulas,Dexametasona,Tópica,"500 mg",active
Ciprofloxacino,"Cipro 300",Jarabe,Ciprofloxacino,Intravenosa,"50 mg/ml",active
Ketorolaco,"Toradol 900",Inhalador,Ketorolaco,Intravenosa,"100 mg",active
Salbutamol,"Ventolin 400",Pomada,Salbutamol,Tópica,"20 mg",active
Paracetamol,"Tylenol 900",Suspensión,Paracetamol,Inhalatoria,"850 mg",active
Enalapril,"Vasotec 300",Crema,Enalapril,Intramuscular,"100 ml",active
Azitromicina,"Zithromax 700",Pomada,Azitromicina,Sublingual,"500 mg",active
Dexametasona,"Decadron 100",Pomada,Dexametasona,Intramuscular,"50 mg/ml",active
Enalapril,"Vasotec 900",Inyectable,Enalapril,Oftálmica,"100 ml",active
Paracetamol,"Tylenol 300",Gotas,Paracetamol,Rectal,"1 g",active
Diclofenaco,"Voltaren 600",Jarabe,Diclofenaco,Inhalatoria,"2 mg",active
Loratadina,"Claritin 800",Tabletas,Loratadina,Ótica,"250 mg",active
Dexametasona,"Decadron 800",Cápsulas,Dexametasona,Tópica,"2 mg",active
Atorvastatina,"Lipitor 300",Cápsulas,Atorvastatina,Rectal,"500 mg",active
Clonazepam,"Klonopin 400",Suspensión,Clonazepam,Tópica,"2 mg",active
Ciprofloxacino,"Cipro 800",Inyectable,Ciprofloxacino,Oftálmica,"50 mg/ml",active
Sertralina,"Zoloft 700",Crema,Sertralina,Intravenosa,"850 mg",active
Diclofenaco,"Voltaren 900",Gotas,Diclofenaco,Tópica,"2 mg",active
Enalapril,"Vasotec 200",Inhalador,Enalapril,Oftálmica,"1 g",active
Clonazepam,"Klonopin 400",Cápsulas,Clonazepam,Ótica,"5 ml",active
Atorvastatina,"Lipitor 600",Tabletas,Atorvastatina,Oral,"50 mg",active
Losartan,"Cozaar 400",Inyectable,Losartan,Intramuscular,"2 mg",active
Paracetamol,"Tylenol 200",Suspensión,Paracetamol,Ótica,"250 mg",active
Amoxicilina,"Amoxil 400",Gotas,Amoxicilina,Intramuscular,"500 mg",active
Ciprofloxacino,"Cipro 500",Tabletas,Ciprofloxacino,Inhalatoria,"500 mg",active
Metformina,"Glucophage 400",Inyectable,Metformina,Ótica,"850 mg",active
Diclofenaco,"Voltaren 300",Pomada,Diclofenaco,Oftálmica,"100 ml",active
Dexametasona,"Decadron 100",Inhalador,Dexametasona,Sublingual,"20 mg",active
Sertralina,"Zoloft 800",Inhalador,Sertralina,Rectal,"10 mg",active
Loratadina,"Claritin 900",Inyectable,Loratadina,Rectal,"5 ml",active
Ciprofloxacino,"Cipro 200",Jarabe,Ciprofloxacino,Oral,"50 mg",active
Enalapril,"Vasotec 300",Crema,Enalapril,Inhalatoria,"20 mg",active
Ibuprofeno,"Advil 200",Inhalador,Ibuprofeno,Inhalatoria,"50 mg",active
Salbutamol,"Ventolin 300",Suspensión,Salbutamol,Oftálmica,"100 ml",active
Ceftriaxona,"Rocephin 800",Jarabe,Ceftriaxona,Oral,"250 mg",active
Clonazepam,"Klonopin 300",Tabletas,Clonazepam,Intramuscular,"400 mg",active
Loratadina,"Claritin 100",Cápsulas,Loratadina,Rectal,"400 mg",active
Naproxeno,"Aleve 800",Suspensión,Naproxeno,Tópica,"100 mg",active
Metformina,"Glucophage 900",Inhalador,Metformina,Inhalatoria,"50 mg",active
Metformina,"Glucophage 300",Crema,Metformina,Intravenosa,"100 ml",active
Ceftriaxona,"Rocephin 100",Inyectable,Ceftriaxona,Rectal,"50 mg",active
Losartan,"Cozaar 100",Inhalador,Losartan,Inhalatoria,"50 mg/ml",active
Naproxeno,"Aleve 800",Suspensión,Naproxeno,Intravenosa,"500 mg",active
Naproxeno,"Aleve 100",Cápsulas,Naproxeno,Sublingual,"250 mg",active
Metformina,"Glucophage 300",Gotas,Metformina,Rectal,"850 mg",active
Fluoxetina,"Prozac 400",Cápsulas,Fluoxetina,Sublingual,"100 mg",active
Amoxicilina,"Amoxil 900",Supositorios,Amoxicilina,Intravenosa,"500 mg",active
Metformina,"Glucophage 400",Tabletas,Metformina,Rectal,"50 mg",active
Metformina,"Glucophage 900",Cápsulas,Metformina,Intramuscular,"400 mg",active
Losartan,"Cozaar 600",Pomada,Losartan,Sublingual,"1 g",active
Paracetamol,"Tylenol 500",Cápsulas,Paracetamol,Oral,"500 mg",active
Ketorolaco,"Toradol 300",Pomada,Ketorolaco,Intravenosa,"10 mg",active
Ibuprofeno,"Advil 100",Tabletas,Ibuprofeno,Ótica,"10 mg",active
Losartan,"Cozaar 700",Gotas,Losartan,Oftálmica,"500 mcg",active
Clonazepam,"Klonopin 100",Jarabe,Clonazepam,Ótica,"20 mg",active
Amoxicilina,"Amoxil 800",Cápsulas,Amoxicilina,Oral,"50 mg/ml",active
Enalapril,"Vasotec 400",Crema,Enalapril,Rectal,"10 mg",active
Azitromicina,"Zithromax 200",Supositorios,Azitromicina,Rectal,"50 mg/ml",active
Losartan,"Cozaar 100",Inyectable,Losartan,Tópica,"10 mg",active
Naproxeno,"Aleve 600",Tabletas,Naproxeno,Tópica,"2 mg",active
Atorvastatina,"Lipitor 100",Inhalador,Atorvastatina,Intravenosa,"100 mg",active
Losartan,"Cozaar 200",Crema,Losartan,Rectal,"50 mg/ml",active
Loratadina,"Claritin 600",Gotas,Loratadina,Oftálmica,"1 g",active
Ibuprofeno,"Advil 800",Tabletas,Ibuprofeno,Intravenosa,"2 mg",active
Omeprazol,"Prilosec 200",Inyectable,Omeprazol,Intravenosa,"1 g",active
Naproxeno,"Aleve 200",Inyectable,Naproxeno,Rectal,"5 ml",active
Paracetamol,"Tylenol 900",Inhalador,Paracetamol,Intravenosa,"50 mg",active
Amoxicilina,"Amoxil 800",Inyectable,Amoxicilina,Intravenosa,"500 mg",active
Metformina,"Glucophage 500",Inyectable,Metformina,Sublingual,"5 ml",active
Ibuprofeno,"Advil 600",Suspensión,Ibuprofeno,Tópica,"400 mg",active
Loratadina,"Claritin 900",Suspensión,Loratadina,Sublingual,"100 mg",active
Ibuprofeno,"Advil 200",Jarabe,Ibuprofeno,Ótica,"250 mg",active
Atorvastatina,"Lipitor 400",Supositorios,Atorvastatina,Tópica,"10 mg",active
Paracetamol,"Tylenol 200",Cápsulas,Paracetamol,Intramuscular,"400 mg",active
Azitromicina,"Zithromax 300",Gotas,Azitromicina,Tópica,"50 mg/ml",active
Sertralina,"Zoloft 600",Supositorios,Sertralina,Oral,"500 mg",active
Loratadina,"Claritin 600",Inhalador,Loratadina,Ótica,"400 mg",active
Ibuprofeno,"Advil 900",Cápsulas,Ibuprofeno,Rectal,"100 mg",active
Fluoxetina,"Prozac 800",Suspensión,Fluoxetina,Ótica,"50 mg",active
Fluoxetina,"Prozac 300",Jarabe,Fluoxetina,Rectal,"2 mg",active
Fluoxetina,"Prozac 500",Suspensión,Fluoxetina,Intramuscular,"50 mg/ml",active
Atorvastatina,"Lipitor 400",Crema,Atorvastatina,Inhalatoria,"250 mg",active
Naproxeno,"Aleve 300",Suspensión,Naproxeno,Intravenosa,"50 mg/ml",active
Diclofenaco,"Voltaren 900",Gotas,Diclofenaco,Inhalatoria,"500 mg",active
Salbutamol,"Ventolin 300",Crema,Salbutamol,Intravenosa,"1 g",active
Clonazepam,"Klonopin 900",Suspensión,Clonazepam,Intramuscular,"20 mg",active
Fluoxetina,"Prozac 800",Tabletas,Fluoxetina,Oftálmica,"1 g",active
Sertralina,"Zoloft 300",Cápsulas,Sertralina,Ótica,"400 mg",active
Losartan,"Cozaar 800",Tabletas,Losartan,Ótica,"500 mcg",active
Fluoxetina,"Prozac 900",Tabletas,Fluoxetina,Intravenosa,"500 mcg",active
Clonazepam,"Klonopin 300",Crema,Clonazepam,Oftálmica,"100 mg",active
Paracetamol,"Tylenol 700",Inyectable,Paracetamol,Intramuscular,"50 mg/ml",active
Azitromicina,"Zithromax 200",Supositorios,Azitromicina,Inhalatoria,"2 mg",active
Ciprofloxacino,"Cipro 100",Pomada,Ciprofloxacino,Tópica,"500 mcg",active
Sertralina,"Zoloft 900",Inhalador,Sertralina,Intravenosa,"5 ml",active
Loratadina,"Claritin 400",Tabletas,Loratadina,Ótica,"250 mg",active
Ketorolaco,"Toradol 700",Cápsulas,Ketorolaco,Inhalatoria,"250 mg",active
Paracetamol,"Tylenol 100",Jarabe,Paracetamol,Intravenosa,"500 mg",active
Atorvastatina,"Lipitor 900",Suspensión,Atorvastatina,Oftálmica,"500 mg",active
Sertralina,"Zoloft 500",Pomada,Sertralina,Rectal,"10 mg",active
Amoxicilina,"Amoxil 200",Inyectable,Amoxicilina,Oftálmica,"250 mg",active
Atorvastatina,"Lipitor 100",Suspensión,Atorvastatina,Rectal,"1 g",active
Clonazepam,"Klonopin 100",Pomada,Clonazepam,Intravenosa,"2 mg",active
Loratadina,"Claritin 600",Supositorios,Loratadina,Tópica,"1 g",active
Losartan,"Cozaar 900",Gotas,Losartan,Oftálmica,"20 mg",active
Losartan,"Cozaar 700",Jarabe,Losartan,Intramuscular,"250 mg",active
Ciprofloxacino,"Cipro 800",Supositorios,Ciprofloxacino,Oral,"50 mg/ml",active
Ciprofloxacino,"Cipro 700",Supositorios,Ciprofloxacino,Ótica,"850 mg",active
Omeprazol,"Prilosec 900",Tabletas,Omeprazol,Oftálmica,"100 mg",active
Paracetamol,"Tylenol 400",Supositorios,Paracetamol,Intravenosa,"2 mg",active
Ketorolaco,"Toradol 300",Gotas,Ketorolaco,Inhalatoria,"500 mcg",active
Enalapril,"Vasotec 900",Suspensión,Enalapril,Rectal,"50 mg",active
Fluoxetina,"Prozac 800",Suspensión,Fluoxetina,Intramuscular,"500 mg",active
Atorvastatina,"Lipitor 500",Inyectable,Atorvastatina,Oral,"10 mg",active
Enalapril,"Vasotec 500",Suspensión,Enalapril,Rectal,"2 mg",active
Salbutamol,"Ventolin 100",Inyectable,Salbutamol,Intravenosa,"20 mg",active
Ketorolaco,"Toradol 700",Pomada,Ketorolaco,Inhalatoria,"50 mg",active
Azitromicina,"Zithromax 500",Inyectable,Azitromicina,Oral,"100 ml",active
Enalapril,"Vasotec 800",Jarabe,Enalapril,Oral,"50 mg/ml",active
Dexametasona,"Decadron 200",Tabletas,Dexametasona,Tópica,"2 mg",active
Enalapril,"Vasotec 600",Inyectable,Enalapril,Inhalatoria,"2 mg",active
Amoxicilina,"Amoxil 800",Cápsulas,Amoxicilina,Sublingual,"500 mg",active
Atorvastatina,"Lipitor 600",Inyectable,Atorvastatina,Intramuscular,"2 mg",active
Ciprofloxacino,"Cipro 400",Supositorios,Ciprofloxacino,Rectal,"50 mg",active
Ibuprofeno,"Advil 900",Cápsulas,Ibuprofeno,Oftálmica,"500 mg",active
Loratadina,"Claritin 200",Inhalador,Loratadina,Inhalatoria,"850 mg",active
Loratadina,"Claritin 100",Supositorios,Loratadina,Inhalatoria,"100 mg",active
Ciprofloxacino,"Cipro 500",Jarabe,Ciprofloxacino,Sublingual,"20 mg",active
Ketorolaco,"Toradol 500",Gotas,Ketorolaco,Ótica,"10 mg",active
Clonazepam,"Klonopin 100",Inhalador,Clonazepam,Inhalatoria,"250 mg",active
Diclofenaco,"Voltaren 100",Supositorios,Diclofenaco,Ótica,"250 mg",active
Paracetamol,"Tylenol 300",Inhalador,Paracetamol,Intravenosa,"2 mg",active
Salbutamol,"Ventolin 500",Supositorios,Salbutamol,Oral,"10 mg",active
Ibuprofeno,"Advil 800",Inyectable,Ibuprofeno,Oftálmica,"20 mg",active
Metformina,"Glucophage 800",Inhalador,Metformina,Intramuscular,"100 mg",active
Clonazepam,"Klonopin 900",Suspensión,Clonazepam,Inhalatoria,"250 mg",active
Diclofenaco,"Voltaren 300",Tabletas,Diclofenaco,Inhalatoria,"2 mg",active
Ketorolaco,"Toradol 500",Inhalador,Ketorolaco,Tópica,"850 mg",active
Atorvastatina,"Lipitor 600",Suspensión,Atorvastatina,Rectal,"50 mg",active
Ketorolaco,"Toradol 700",Suspensión,Ketorolaco,Tópica,"2 mg",active
Loratadina,"Claritin 800",Suspensión,Loratadina,Intravenosa,"5 ml",active
Naproxeno,"Aleve 500",Suspensión,Naproxeno,Inhalatoria,"250 mg",active
Fluoxetina,"Prozac 600",Gotas,Fluoxetina,Intramuscular,"20 mg",active
Clonazepam,"Klonopin 300",Tabletas,Clonazepam,Tópica,"2 mg",active
Omeprazol,"Prilosec 500",Tabletas,Omeprazol,Sublingual,"20 mg",active
Ciprofloxacino,"Cipro 700",Supositorios,Ciprofloxacino,Oftálmica,"100 ml",active
Ibuprofeno,"Advil 500",Cápsulas,Ibuprofeno,Intramuscular,"250 mg",active
Losartan,"Cozaar 800",Cápsulas,Losartan,Sublingual,"100 mg",active
Clonazepam,"Klonopin 300",Cápsulas,Clonazepam,Tópica,"1 g",active
Fluoxetina,"Prozac 200",Pomada,Fluoxetina,Oral,"50 mg",active
Clonazepam,"Klonopin 600",Tabletas,Clonazepam,Intravenosa,"100 mg",active
Ibuprofeno,"Advil 200",Supositorios,Ibuprofeno,Tópica,"10 mg",active
Paracetamol,"Tylenol 100",Tabletas,Paracetamol,Tópica,"20 mg",active
Loratadina,"Claritin 900",Inhalador,Loratadina,Inhalatoria,"50 mg",active
Loratadina,"Claritin 900",Jarabe,Loratadina,Intravenosa,"50 mg/ml",active
Ciprofloxacino,"Cipro 800",Pomada,Ciprofloxacino,Sublingual,"50 mg",active
Enalapril,"Vasotec 400",Jarabe,Enalapril,Oral,"400 mg",active
Enalapril,"Vasotec 400",Tabletas,Enalapril,Oftálmica,"250 mg",active
Metformina,"Glucophage 300",Pomada,Metformina,Inhalatoria,"250 mg",active
Paracetamol,"Tylenol 600",Jarabe,Paracetamol,Inhalatoria,"850 mg",active
Salbutamol,"Ventolin 100",Pomada,Salbutamol,Tópica,"1 g",active
Salbutamol,"Ventolin 400",Suspensión,Salbutamol,Oftálmica,"5 ml",active
Salbutamol,"Ventolin 900",Suspensión,Salbutamol,Sublingual,"500 mg",active
Ciprofloxacino,"Cipro 200",Cápsulas,Ciprofloxacino,Inhalatoria,"100 mg",active
Atorvastatina,"Lipitor 200",Pomada,Atorvastatina,Sublingual,"250 mg",active
Losartan,"Cozaar 100",Tabletas,Losartan,Sublingual,"2 mg",active
Enalapril,"Vasotec 100",Crema,Enalapril,Rectal,"500 mg",active
Ketorolaco,"Toradol 400",Tabletas,Ketorolaco,Sublingual,"100 mg",active
Atorvastatina,"Lipitor 400",Cápsulas,Atorvastatina,Intravenosa,"500 mg",active
Clonazepam,"Klonopin 400",Cápsulas,Clonazepam,Tópica,"50 mg/ml",active
Ceftriaxona,"Rocephin 700",Tabletas,Ceftriaxona,Ótica,"250 mg",active
Ibuprofeno,"Advil 400",Tabletas,Ibuprofeno,Tópica,"250 mg",active
Metformina,"Glucophage 100",Cápsulas,Metformina,Intravenosa,"20 mg",active
Metformina,"Glucophage 700",Inhalador,Metformina,Oftálmica,"850 mg",active
Fluoxetina,"Prozac 700",Inhalador,Fluoxetina,Oral,"500 mg",active
Ketorolaco,"Toradol 600",Jarabe,Ketorolaco,Tópica,"500 mg",active
Omeprazol,"Prilosec 600",Pomada,Omeprazol,Tópica,"100 ml",active
Metformina,"Glucophage 800",Inhalador,Metformina,Ótica,"250 mg",active
Amoxicilina,"Amoxil 500",Inhalador,Amoxicilina,Oftálmica,"500 mcg",active
Ceftriaxona,"Rocephin 700",Inyectable,Ceftriaxona,Sublingual,"400 mg",active
Loratadina,"Claritin 400",Tabletas,Loratadina,Intramuscular,"500 mg",active
Diclofenaco,"Voltaren 400",Gotas,Diclofenaco,Rectal,"850 mg",active
Clonazepam,"Klonopin 300",Inyectable,Clonazepam,Intramuscular,"50 mg/ml",active
Atorvastatina,"Lipitor 600",Pomada,Atorvastatina,Oftálmica,"250 mg",active
Losartan,"Cozaar 200",Tabletas,Losartan,Sublingual,"250 mg",active
Ciprofloxacino,"Cipro 500",Inyectable,Ciprofloxacino,Rectal,"5 ml",active
Atorvastatina,"Lipitor 700",Jarabe,Atorvastatina,Inhalatoria,"100 mg",active
Naproxeno,"Aleve 100",Tabletas,Naproxeno,Intramuscular,"2 mg",active
Loratadina,"Claritin 300",Supositorios,Loratadina,Tópica,"1 g",active
Ceftriaxona,"Rocephin 300",Gotas,Ceftriaxona,Tópica,"100 ml",active
Loratadina,"Claritin 600",Gotas,Loratadina,Oral,"10 mg",active
Ceftriaxona,"Rocephin 900",Suspensión,Ceftriaxona,Intramuscular,"850 mg",active
Azitromicina,"Zithromax 400",Tabletas,Azitromicina,Oral,"10 mg",active
Naproxeno,"Aleve 100",Supositorios,Naproxeno,Rectal,"400 mg",active
Dexametasona,"Decadron 600",Supositorios,Dexametasona,Intravenosa,"20 mg",active
Ketorolaco,"Toradol 500",Supositorios,Ketorolaco,Intramuscular,"250 mg",active
Omeprazol,"Prilosec 600",Crema,Omeprazol,Rectal,"1 g",active
Amoxicilina,"Amoxil 300",Gotas,Amoxicilina,Intramuscular,"1 g",active
Clonazepam,"Klonopin 900",Cápsulas,Clonazepam,Intravenosa,"2 mg",active
Amoxicilina,"Amoxil 600",Jarabe,Amoxicilina,Rectal,"250 mg",active
Clonazepam,"Klonopin 600",Inhalador,Clonazepam,Intravenosa,"2 mg",active
Sertralina,"Zoloft 400",Suspensión,Sertralina,Tópica,"50 mg/ml",active
Ceftriaxona,"Rocephin 800",Gotas,Ceftriaxona,Inhalatoria,"850 mg",active
Loratadina,"Claritin 500",Gotas,Loratadina,Rectal,"500 mcg",active
Paracetamol,"Tylenol 400",Jarabe,Paracetamol,Rectal,"850 mg",active
Paracetamol,"Tylenol 100",Jarabe,Paracetamol,Rectal,"10 mg",active
Amoxicilina,"Amoxil 400",Tabletas,Amoxicilina,Oftálmica,"250 mg",active
Metformina,"Glucophage 900",Pomada,Metformina,Tópica,"400 mg",active
Diclofenaco,"Voltaren 900",Suspensión,Diclofenaco,Ótica,"100 ml",active
Diclofenaco,"Voltaren 700",Tabletas,Diclofenaco,Oftálmica,"50 mg/ml",active
Omeprazol,"Prilosec 800",Inhalador,Omeprazol,Inhalatoria,"10 mg",active
Enalapril,"Vasotec 800",Inhalador,Enalapril,Inhalatoria,"100 ml",active
Enalapril,"Vasotec 800",Suspensión,Enalapril,Oral,"50 mg",active
Ciprofloxacino,"Cipro 900",Jarabe,Ciprofloxacino,Sublingual,"500 mg",active
Salbutamol,"Ventolin 900",Pomada,Salbutamol,Oftálmica,"20 mg",active
Naproxeno,"Aleve 300",Tabletas,Naproxeno,Ótica,"100 mg",active
Clonazepam,"Klonopin 600",Supositorios,Clonazepam,Tópica,"5 ml",active
Fluoxetina,"Prozac 800",Pomada,Fluoxetina,Oftálmica,"50 mg",active
Ketorolaco,"Toradol 500",Gotas,Ketorolaco,Intramuscular,"50 mg/ml",active
Fluoxetina,"Prozac 100",Inhalador,Fluoxetina,Rectal,"850 mg",active
Omeprazol,"Prilosec 600",Inyectable,Omeprazol,Intramuscular,"10 mg",active
Metformina,"Glucophage 400",Inyectable,Metformina,Intravenosa,"50 mg",active
Azitromicina,"Zithromax 600",Inyectable,Azitromicina,Sublingual,"50 mg",active
Loratadina,"Claritin 400",Suspensión,Loratadina,Intramuscular,"2 mg",active
Ketorolaco,"Toradol 100",Supositorios,Ketorolaco,Oftálmica,"100 ml",active
Fluoxetina,"Prozac 700",Cápsulas,Fluoxetina,Inhalatoria,"50 mg",active
Ciprofloxacino,"Cipro 700",Tabletas,Ciprofloxacino,Oftálmica,"50 mg/ml",active
Amoxicilina,"Amoxil 900",Suspensión,Amoxicilina,Oral,"5 ml",active
Atorvastatina,"Lipitor 100",Tabletas,Atorvastatina,Inhalatoria,"100 ml",active
Dexametasona,"Decadron 400",Jarabe,Dexametasona,Oftálmica,"100 mg",active
Loratadina,"Claritin 500",Cápsulas,Loratadina,Intramuscular,"250 mg",active
Amoxicilina,"Amoxil 400",Suspensión,Amoxicilina,Intramuscular,"50 mg/ml",active
Clonazepam,"Klonopin 400",Crema,Clonazepam,Intravenosa,"20 mg",active
Enalapril,"Vasotec 100",Crema,Enalapril,Rectal,"500 mcg",active
Ibuprofeno,"Advil 800",Inyectable,Ibuprofeno,Oral,"50 mg/ml",active
Atorvastatina,"Lipitor 300",Cápsulas,Atorvastatina,Oral,"50 mg",active
Atorvastatina,"Lipitor 100",Tabletas,Atorvastatina,Intravenosa,"100 ml",active
Fluoxetina,"Prozac 200",Cápsulas,Fluoxetina,Inhalatoria,"250 mg",active
Losartan,"Cozaar 500",Pomada,Losartan,Inhalatoria,"2 mg",active
Paracetamol,"Tylenol 100",Inhalador,Paracetamol,Intravenosa,"500 mg",active
Salbutamol,"Ventolin 700",Gotas,Salbutamol,Sublingual,"100 ml",active
Ketorolaco,"Toradol 500",Crema,Ketorolaco,Intravenosa,"5 ml",active
Amoxicilina,"Amoxil 800",Supositorios,Amoxicilina,Intramuscular,"100 mg",active
Amoxicilina,"Amoxil 800",Inhalador,Amoxicilina,Tópica,"50 mg/ml",active
Fluoxetina,"Prozac 700",Inyectable,Fluoxetina,Intramuscular,"20 mg",active
Salbutamol,"Ventolin 400",Pomada,Salbutamol,Intravenosa,"500 mg",active
Ciprofloxacino,"Cipro 200",Crema,Ciprofloxacino,Oral,"5 ml",active
Ciprofloxacino,"Cipro 400",Inyectable,Ciprofloxacino,Rectal,"250 mg",active
Azitromicina,"Zithromax 300",Cápsulas,Azitromicina,Oral,"500 mg",active
Diclofenaco,"Voltaren 200",Suspensión,Diclofenaco,Intramuscular,"1 g",active
Amoxicilina,"Amoxil 600",Suspensión,Amoxicilina,Inhalatoria,"5 ml",active
Dexametasona,"Decadron 400",Pomada,Dexametasona,Sublingual,"500 mcg",active
Naproxeno,"Aleve 200",Crema,Naproxeno,Ótica,"500 mcg",active
Metformina,"Glucophage 800",Cápsulas,Metformina,Rectal,"20 mg",active
Diclofenaco,"Voltaren 400",Jarabe,Diclofenaco,Oftálmica,"850 mg",active
Dexametasona,"Decadron 100",Jarabe,Dexametasona,Oftálmica,"500 mg",active
Ceftriaxona,"Rocephin 300",Supositorios,Ceftriaxona,Inhalatoria,"50 mg/ml",active
Amoxicilina,"Amoxil 600",Crema,Amoxicilina,Sublingual,"500 mcg",active
Atorvastatina,"Lipitor 600",Inyectable,Atorvastatina,Intravenosa,"400 mg",active
Amoxicilina,"Amoxil 200",Suspensión,Amoxicilina,Intravenosa,"10 mg",active
Salbutamol,"Ventolin 600",Supositorios,Salbutamol,Intravenosa,"10 mg",active
Naproxeno,"Aleve 500",Crema,Naproxeno,Intramuscular,"50 mg",active
Loratadina,"Claritin 300",Suspensión,Loratadina,Ótica,"50 mg/ml",active
Fluoxetina,"Prozac 700",Supositorios,Fluoxetina,Oftálmica,"100 ml",active
Fluoxetina,"Prozac 400",Jarabe,Fluoxetina,Intramuscular,"500 mcg",active
Diclofenaco,"Voltaren 500",Gotas,Diclofenaco,Tópica,"50 mg/ml",active
Enalapril,"Vasotec 500",Tabletas,Enalapril,Oftálmica,"2 mg",active
Salbutamol,"Ventolin 700",Inyectable,Salbutamol,Intravenosa,"500 mg",active
Ketorolaco,"Toradol 700",Crema,Ketorolaco,Tópica,"50 mg/ml",active
Ibuprofeno,"Advil 300",Inyectable,Ibuprofeno,Intramuscular,"500 mg",active
Loratadina,"Claritin 500",Jarabe,Loratadina,Intravenosa,"500 mg",active
Diclofenaco,"Voltaren 800",Inyectable,Diclofenaco,Rectal,"500 mcg",active
Ceftriaxona,"Rocephin 400",Jarabe,Ceftriaxona,Sublingual,"850 mg",active
Omeprazol,"Prilosec 500",Crema,Omeprazol,Ótica,"250 mg",active
Paracetamol,"Tylenol 800",Inhalador,Paracetamol,Oral,"500 mcg",active
Ceftriaxona,"Rocephin 700",Cápsulas,Ceftriaxona,Ótica,"500 mcg",active
Clonazepam,"Klonopin 300",Inhalador,Clonazepam,Ótica,"100 ml",active
Loratadina,"Claritin 400",Crema,Loratadina,Intravenosa,"250 mg",active
Clonazepam,"Klonopin 900",Crema,Clonazepam,Intramuscular,"100 ml",active
Enalapril,"Vasotec 400",Cápsulas,Enalapril,Ótica,"250 mg",active
Dexametasona,"Decadron 600",Supositorios,Dexametasona,Intravenosa,"50 mg/ml",active
Ceftriaxona,"Rocephin 800",Supositorios,Ceftriaxona,Sublingual,"100 ml",active
Atorvastatina,"Lipitor 200",Inyectable,Atorvastatina,Intramuscular,"20 mg",active
Losartan,"Cozaar 500",Inhalador,Losartan,Intramuscular,"2 mg",active
Diclofenaco,"Voltaren 900",Supositorios,Diclofenaco,Ótica,"2 mg",active
Losartan,"Cozaar 600",Inhalador,Losartan,Intravenosa,"500 mcg",active
Fluoxetina,"Prozac 900",Pomada,Fluoxetina,Ótica,"400 mg",active
Diclofenaco,"Voltaren 400",Jarabe,Diclofenaco,Intravenosa,"850 mg",active
Losartan,"Cozaar 300",Crema,Losartan,Inhalatoria,"1 g",active
Amoxicilina,"Amoxil 300",Suspensión,Amoxicilina,Ótica,"50 mg/ml",active
Diclofenaco,"Voltaren 300",Gotas,Diclofenaco,Sublingual,"2 mg",active
Losartan,"Cozaar 800",Inhalador,Losartan,Intravenosa,"100 mg",active
Clonazepam,"Klonopin 100",Tabletas,Clonazepam,Tópica,"50 mg/ml",active
Ibuprofeno,"Advil 700",Cápsulas,Ibuprofeno,Inhalatoria,"400 mg",active
Losartan,"Cozaar 700",Inyectable,Losartan,Ótica,"850 mg",active
Ketorolaco,"Toradol 700",Pomada,Ketorolaco,Sublingual,"250 mg",active
Ceftriaxona,"Rocephin 300",Gotas,Ceftriaxona,Ótica,"50 mg",active
Ceftriaxona,"Rocephin 500",Supositorios,Ceftriaxona,Ótica,"10 mg",active
Naproxeno,"Aleve 300",Cápsulas,Naproxeno,Ótica,"500 mg",active
Loratadina,"Claritin 700",Suspensión,Loratadina,Ótica,"50 mg/ml",active
Losartan,"Cozaar 900",Pomada,Losartan,Oftálmica,"100 ml",active
Fluoxetina,"Prozac 800",Crema,Fluoxetina,Inhalatoria,"100 ml",active
Enalapril,"Vasotec 100",Inyectable,Enalapril,Rectal,"1 g",active
Ibuprofeno,"Advil 300",Gotas,Ibuprofeno,Oftálmica,"850 mg",active
Ciprofloxacino,"Cipro 600",Gotas,Ciprofloxacino,Rectal,"250 mg",active
Sertralina,"Zoloft 800",Jarabe,Sertralina,Inhalatoria,"2 mg",active
Clonazepam,"Klonopin 100",Inyectable,Clonazepam,Inhalatoria,"250 mg",active
Atorvastatina,"Lipitor 100",Suspensión,Atorvastatina,Rectal,"2 mg",active
Ibuprofeno,"Advil 800",Suspensión,Ibuprofeno,Ótica,"2 mg",active
Ceftriaxona,"Rocephin 700",Pomada,Ceftriaxona,Oral,"500 mg",active
Sertralina,"Zoloft 400",Cápsulas,Sertralina,Rectal,"50 mg",active
Amoxicilina,"Amoxil 600",Gotas,Amoxicilina,Oftálmica,"400 mg",active
Ceftriaxona,"Rocephin 500",Supositorios,Ceftriaxona,Ótica,"50 mg",active
Paracetamol,"Tylenol 500",Inhalador,Paracetamol,Rectal,"250 mg",active
Paracetamol,"Tylenol 700",Crema,Paracetamol,Oftálmica,"1 g",active
Naproxeno,"Aleve 400",Suspensión,Naproxeno,Ótica,"100 ml",active
Loratadina,"Claritin 200",Supositorios,Loratadina,Intramuscular,"10 mg",active
Sertralina,"Zoloft 200",Tabletas,Sertralina,Oral,"850 mg",active
Metformina,"Glucophage 800",Jarabe,Metformina,Intramuscular,"1 g",active
Salbutamol,"Ventolin 100",Inhalador,Salbutamol,Oral,"10 mg",active
Losartan,"Cozaar 200",Pomada,Losartan,Rectal,"250 mg",active
Diclofenaco,"Voltaren 500",Cápsulas,Diclofenaco,Oral,"100 mg",active
Ceftriaxona,"Rocephin 700",Cápsulas,Ceftriaxona,Oftálmica,"400 mg",active
Loratadina,"Claritin 500",Jarabe,Loratadina,Oral,"50 mg/ml",active
Amoxicilina,"Amoxil 800",Suspensión,Amoxicilina,Oral,"50 mg/ml",active
Paracetamol,"Tylenol 900",Inyectable,Paracetamol,Inhalatoria,"100 ml",active
Dexametasona,"Decadron 100",Crema,Dexametasona,Oftálmica,"100 ml",active
Amoxicilina,"Amoxil 900",Crema,Amoxicilina,Inhalatoria,"250 mg",active
Amoxicilina,"Amoxil 200",Gotas,Amoxicilina,Tópica,"50 mg",active
Ciprofloxacino,"Cipro 400",Supositorios,Ciprofloxacino,Oral,"500 mg",active
Naproxeno,"Aleve 200",Tabletas,Naproxeno,Intravenosa,"20 mg",active
Amoxicilina,"Amoxil 200",Crema,Amoxicilina,Ótica,"500 mg",active
Naproxeno,"Aleve 500",Tabletas,Naproxeno,Rectal,"20 mg",active
Salbutamol,"Ventolin 600",Gotas,Salbutamol,Oftálmica,"500 mcg",active
Amoxicilina,"Amoxil 300",Crema,Amoxicilina,Ótica,"100 ml",active
Fluoxetina,"Prozac 500",Cápsulas,Fluoxetina,Sublingual,"500 mcg",active
Ceftriaxona,"Rocephin 800",Pomada,Ceftriaxona,Ótica,"10 mg",active
Ketorolaco,"Toradol 200",Crema,Ketorolaco,Oftálmica,"100 ml",active
Fluoxetina,"Prozac 900",Pomada,Fluoxetina,Ótica,"500 mcg",active
Metformina,"Glucophage 600",Tabletas,Metformina,Ótica,"5 ml",active
Dexametasona,"Decadron 100",Crema,Dexametasona,Tópica,"100 ml",active
Ciprofloxacino,"Cipro 400",Gotas,Ciprofloxacino,Intramuscular,"50 mg",active
Paracetamol,"Tylenol 600",Suspensión,Paracetamol,Sublingual,"5 ml",active
Salbutamol,"Ventolin 500",Inhalador,Salbutamol,Inhalatoria,"1 g",active
Salbutamol,"Ventolin 900",Crema,Salbutamol,Sublingual,"2 mg",active
Metformina,"Glucophage 100",Gotas,Metformina,Intravenosa,"10 mg",active
Paracetamol,"Tylenol 500",Supositorios,Paracetamol,Sublingual,"10 mg",active
Ciprofloxacino,"Cipro 200",Cápsulas,Ciprofloxacino,Intravenosa,"250 mg",active
Clonazepam,"Klonopin 600",Supositorios,Clonazepam,Intramuscular,"500 mcg",active
Naproxeno,"Aleve 500",Cápsulas,Naproxeno,Oftálmica,"100 mg",active
Atorvastatina,"Lipitor 200",Suspensión,Atorvastatina,Oral,"5 ml",active
Omeprazol,"Prilosec 700",Crema,Omeprazol,Intramuscular,"20 mg",active
Diclofenaco,"Voltaren 300",Pomada,Diclofenaco,Rectal,"100 ml",active
Ibuprofeno,"Advil 800",Cápsulas,Ibuprofeno,Intramuscular,"850 mg",active
Dexametasona,"Decadron 900",Inhalador,Dexametasona,Intravenosa,"1 g",active
Salbutamol,"Ventolin 800",Jarabe,Salbutamol,Tópica,"500 mcg",active
Clonazepam,"Klonopin 600",Tabletas,Clonazepam,Intramuscular,"100 ml",active
Fluoxetina,"Prozac 800",Jarabe,Fluoxetina,Intravenosa,"1 g",active
Dexametasona,"Decadron 800",Tabletas,Dexametasona,Oral,"5 ml",active
Naproxeno,"Aleve 200",Tabletas,Naproxeno,Sublingual,"400 mg",active
Amoxicilina,"Amoxil 600",Inyectable,Amoxicilina,Intramuscular,"850 mg",active
Fluoxetina,"Prozac 400",Supositorios,Fluoxetina,Tópica,"500 mg",active
Naproxeno,"Aleve 600",Inhalador,Naproxeno,Tópica,"5 ml",active
Ciprofloxacino,"Cipro 200",Inhalador,Ciprofloxacino,Oftálmica,"10 mg",active
Enalapril,"Vasotec 200",Crema,Enalapril,Inhalatoria,"20 mg",active
Ciprofloxacino,"Cipro 600",Crema,Ciprofloxacino,Tópica,"100 ml",active
Sertralina,"Zoloft 400",Inyectable,Sertralina,Ótica,"50 mg",active
Salbutamol,"Ventolin 900",Suspensión,Salbutamol,Intravenosa,"10 mg",active
Paracetamol,"Tylenol 500",Cápsulas,Paracetamol,Rectal,"50 mg/ml",active
Ibuprofeno,"Advil 200",Tabletas,Ibuprofeno,Ótica,"50 mg/ml",active
Enalapril,"Vasotec 400",Inhalador,Enalapril,Intravenosa,"5 ml",active
Amoxicilina,"Amoxil 200",Suspensión,Amoxicilina,Oral,"50 mg/ml",active
Salbutamol,"Ventolin 300",Pomada,Salbutamol,Tópica,"500 mcg",active
Ibuprofeno,"Advil 800",Cápsulas,Ibuprofeno,Ótica,"500 mg",active
Atorvastatina,"Lipitor 500",Jarabe,Atorvastatina,Intravenosa,"1 g",active
Fluoxetina,"Prozac 700",Supositorios,Fluoxetina,Sublingual,"2 mg",active
Paracetamol,"Tylenol 100",Tabletas,Paracetamol,Ótica,"1 g",active
Paracetamol,"Tylenol 800",Inhalador,Paracetamol,Intravenosa,"500 mcg",active
Enalapril,"Vasotec 500",Suspensión,Enalapril,Intramuscular,"100 mg",active
Salbutamol,"Ventolin 500",Tabletas,Salbutamol,Inhalatoria,"1 g",active
Naproxeno,"Aleve 200",Pomada,Naproxeno,Oftálmica,"500 mg",active
Paracetamol,"Tylenol 600",Gotas,Paracetamol,Oftálmica,"850 mg",active
Ciprofloxacino,"Cipro 700",Inhalador,Ciprofloxacino,Inhalatoria,"10 mg",active
Ketorolaco,"Toradol 400",Inyectable,Ketorolaco,Ótica,"1 g",active
Ciprofloxacino,"Cipro 100",Inyectable,Ciprofloxacino,Intravenosa,"850 mg",active
Clonazepam,"Klonopin 600",Pomada,Clonazepam,Ótica,"500 mg",active
Losartan,"Cozaar 800",Suspensión,Losartan,Oral,"850 mg",active
Azitromicina,"Zithromax 100",Tabletas,Azitromicina,Tópica,"250 mg",active
Diclofenaco,"Voltaren 300",Jarabe,Diclofenaco,Ótica,"400 mg",active
Ketorolaco,"Toradol 700",Pomada,Ketorolaco,Oral,"500 mg",active
Azitromicina,"Zithromax 700",Pomada,Azitromicina,Oral,"1 g",active
Losartan,"Cozaar 200",Suspensión,Losartan,Intramuscular,"100 ml",active
Metformina,"Glucophage 700",Inyectable,Metformina,Inhalatoria,"50 mg/ml",active
Ketorolaco,"Toradol 500",Gotas,Ketorolaco,Tópica,"10 mg",active
Ketorolaco,"Toradol 400",Jarabe,Ketorolaco,Inhalatoria,"400 mg",active
Azitromicina,"Zithromax 900",Jarabe,Azitromicina,Ótica,"400 mg",active
Ceftriaxona,"Rocephin 100",Suspensión,Ceftriaxona,Tópica,"100 mg",active
Omeprazol,"Prilosec 700",Tabletas,Omeprazol,Inhalatoria,"250 mg",active
Ibuprofeno,"Advil 400",Supositorios,Ibuprofeno,Rectal,"20 mg",active
Metformina,"Glucophage 300",Gotas,Metformina,Rectal,"20 mg",active
Dexametasona,"Decadron 900",Suspensión,Dexametasona,Oral,"20 mg",active
Atorvastatina,"Lipitor 400",Supositorios,Atorvastatina,Rectal,"50 mg",active
Paracetamol,"Tylenol 900",Inyectable,Paracetamol,Intramuscular,"100 ml",active
Salbutamol,"Ventolin 700",Crema,Salbutamol,Inhalatoria,"10 mg",active
Sertralina,"Zoloft 400",Supositorios,Sertralina,Oftálmica,"50 mg/ml",active
Ibuprofeno,"Advil 100",Pomada,Ibuprofeno,Oral,"400 mg",active
Diclofenaco,"Voltaren 900",Jarabe,Diclofenaco,Tópica,"20 mg",active
Enalapril,"Vasotec 900",Pomada,Enalapril,Oral,"250 mg",active
Atorvastatina,"Lipitor 200",Suspensión,Atorvastatina,Intravenosa,"1 g",active
Amoxicilina,"Amoxil 600",Inhalador,Amoxicilina,Rectal,"50 mg",active
Fluoxetina,"Prozac 100",Cápsulas,Fluoxetina,Oftálmica,"5 ml",active
Azitromicina,"Zithromax 800",Cápsulas,Azitromicina,Intramuscular,"250 mg",active
Metformina,"Glucophage 900",Tabletas,Metformina,Intramuscular,"5 ml",active
Losartan,"Cozaar 500",Inyectable,Losartan,Tópica,"5 ml",active
Naproxeno,"Aleve 100",Gotas,Naproxeno,Tópica,"1 g",active
Sertralina,"Zoloft 500",Crema,Sertralina,Rectal,"10 mg",active
Omeprazol,"Prilosec 600",Pomada,Omeprazol,Sublingual,"10 mg",active
Clonazepam,"Klonopin 400",Inyectable,Clonazepam,Intramuscular,"500 mg",active
Amoxicilina,"Amoxil 300",Inyectable,Amoxicilina,Rectal,"2 mg",active
Loratadina,"Claritin 700",Supositorios,Loratadina,Intramuscular,"5 ml",active
Loratadina,"Claritin 700",Suspensión,Loratadina,Intravenosa,"2 mg",active
Naproxeno,"Aleve 800",Jarabe,Naproxeno,Intramuscular,"500 mcg",active
Sertralina,"Zoloft 700",Suspensión,Sertralina,Oftálmica,"400 mg",active
Azitromicina,"Zithromax 300",Gotas,Azitromicina,Sublingual,"400 mg",active
Paracetamol,"Tylenol 600",Inyectable,Paracetamol,Rectal,"500 mcg",active
Azitromicina,"Zithromax 200",Supositorios,Azitromicina,Tópica,"250 mg",active
Atorvastatina,"Lipitor 200",Suspensión,Atorvastatina,Rectal,"2 mg",active
Loratadina,"Claritin 200",Cápsulas,Loratadina,Inhalatoria,"20 mg",active
Naproxeno,"Aleve 900",Suspensión,Naproxeno,Oral,"5 ml",active
Clonazepam,"Klonopin 100",Inhalador,Clonazepam,Sublingual,"50 mg",active
Azitromicina,"Zithromax 300",Pomada,Azitromicina,Intravenosa,"2 mg",active
Ceftriaxona,"Rocephin 600",Suspensión,Ceftriaxona,Intravenosa,"50 mg/ml",active
Dexametasona,"Decadron 300",Jarabe,Dexametasona,Ótica,"2 mg",active
Ketorolaco,"Toradol 700",Supositorios,Ketorolaco,Oftálmica,"500 mg",active
Clonazepam,"Klonopin 800",Crema,Clonazepam,Tópica,"500 mg",active
Losartan,"Cozaar 600",Crema,Losartan,Intravenosa,"50 mg",active
Salbutamol,"Ventolin 200",Gotas,Salbutamol,Ótica,"2 mg",active
Atorvastatina,"Lipitor 200",Pomada,Atorvastatina,Intravenosa,"100 ml",active
Losartan,"Cozaar 400",Suspensión,Losartan,Sublingual,"250 mg",active
Ibuprofeno,"Advil 300",Suspensión,Ibuprofeno,Sublingual,"500 mg",active
Clonazepam,"Klonopin 100",Gotas,Clonazepam,Intravenosa,"50 mg",active
Naproxeno,"Aleve 600",Crema,Naproxeno,Tópica,"500 mg",active
Ketorolaco,"Toradol 700",Supositorios,Ketorolaco,Oftálmica,"50 mg/ml",active
Ceftriaxona,"Rocephin 900",Tabletas,Ceftriaxona,Sublingual,"50 mg",active
Losartan,"Cozaar 600",Crema,Losartan,Rectal,"250 mg",active
Omeprazol,"Prilosec 700",Inhalador,Omeprazol,Rectal,"100 mg",active
Ketorolaco,"Toradol 100",Pomada,Ketorolaco,Inhalatoria,"500 mg",active
Azitromicina,"Zithromax 600",Pomada,Azitromicina,Sublingual,"850 mg",active
Atorvastatina,"Lipitor 800",Suspensión,Atorvastatina,Oral,"250 mg",active
Ceftriaxona,"Rocephin 700",Suspensión,Ceftriaxona,Intravenosa,"50 mg",active
Omeprazol,"Prilosec 700",Gotas,Omeprazol,Intravenosa,"850 mg",active
Omeprazol,"Prilosec 400",Tabletas,Omeprazol,Tópica,"2 mg",active
Ketorolaco,"Toradol 400",Tabletas,Ketorolaco,Oftálmica,"500 mcg",active
Clonazepam,"Klonopin 200",Inhalador,Clonazepam,Intramuscular,"2 mg",active
Enalapril,"Vasotec 800",Cápsulas,Enalapril,Sublingual,"20 mg",active
Enalapril,"Vasotec 500",Pomada,Enalapril,Intravenosa,"50 mg",active
Omeprazol,"Prilosec 500",Cápsulas,Omeprazol,Oftálmica,"5 ml",active
Metformina,"Glucophage 700",Suspensión,Metformina,Intramuscular,"100 ml",active
Atorvastatina,"Lipitor 800",Inyectable,Atorvastatina,Intramuscular,"5 ml",active
Naproxeno,"Aleve 600",Inyectable,Naproxeno,Inhalatoria,"500 mg",active
Ciprofloxacino,"Cipro 800",Gotas,Ciprofloxacino,Intramuscular,"100 mg",active
Ciprofloxacino,"Cipro 700",Inhalador,Ciprofloxacino,Ótica,"400 mg",active
Salbutamol,"Ventolin 900",Supositorios,Salbutamol,Oftálmica,"50 mg/ml",active
Loratadina,"Claritin 800",Inyectable,Loratadina,Ótica,"400 mg",active
Metformina,"Glucophage 700",Crema,Metformina,Oral,"100 ml",active
Metformina,"Glucophage 800",Inhalador,Metformina,Sublingual,"100 mg",active
Ceftriaxona,"Rocephin 300",Jarabe,Ceftriaxona,Intramuscular,"50 mg",active
Ciprofloxacino,"Cipro 700",Inyectable,Ciprofloxacino,Tópica,"400 mg",active
Paracetamol,"Tylenol 500",Inhalador,Paracetamol,Intramuscular,"500 mcg",active
Ceftriaxona,"Rocephin 700",Inyectable,Ceftriaxona,Rectal,"10 mg",active
Loratadina,"Claritin 800",Tabletas,Loratadina,Intravenosa,"100 mg",active
Dexametasona,"Decadron 200",Inyectable,Dexametasona,Oral,"100 mg",active
Naproxeno,"Aleve 400",Gotas,Naproxeno,Oral,"50 mg",active
Amoxicilina,"Amoxil 700",Crema,Amoxicilina,Tópica,"1 g",active
Atorvastatina,"Lipitor 400",Jarabe,Atorvastatina,Oral,"500 mcg",active
Ceftriaxona,"Rocephin 400",Inhalador,Ceftriaxona,Ótica,"100 mg",active
Salbutamol,"Ventolin 600",Tabletas,Salbutamol,Ótica,"50 mg",active
Amoxicilina,"Amoxil 900",Suspensión,Amoxicilina,Intravenosa,"5 ml",active
Paracetamol,"Tylenol 800",Inhalador,Paracetamol,Intravenosa,"50 mg",active
Salbutamol,"Ventolin 200",Cápsulas,Salbutamol,Oftálmica,"400 mg",active
Naproxeno,"Aleve 200",Inyectable,Naproxeno,Rectal,"10 mg",active
Metformina,"Glucophage 900",Suspensión,Metformina,Ótica,"1 g",active
Azitromicina,"Zithromax 800",Inyectable,Azitromicina,Rectal,"850 mg",active
Fluoxetina,"Prozac 900",Pomada,Fluoxetina,Intramuscular,"20 mg",active
Salbutamol,"Ventolin 600",Pomada,Salbutamol,Intramuscular,"500 mcg",active
Atorvastatina,"Lipitor 100",Crema,Atorvastatina,Intramuscular,"850 mg",active
Diclofenaco,"Voltaren 300",Suspensión,Diclofenaco,Sublingual,"100 ml",active
Azitromicina,"Zithromax 900",Inhalador,Azitromicina,Tópica,"100 ml",active
Paracetamol,"Tylenol 400",Inhalador,Paracetamol,Oral,"850 mg",active
Amoxicilina,"Amoxil 400",Supositorios,Amoxicilina,Sublingual,"50 mg",active
Paracetamol,"Tylenol 200",Inhalador,Paracetamol,Intravenosa,"5 ml",active
Ciprofloxacino,"Cipro 200",Cápsulas,Ciprofloxacino,Oral,"500 mg",active
Losartan,"Cozaar 600",Cápsulas,Losartan,Tópica,"100 ml",active
Amoxicilina,"Amoxil 900",Supositorios,Amoxicilina,Ótica,"250 mg",active
Atorvastatina,"Lipitor 400",Gotas,Atorvastatina,Oral,"850 mg",active
Salbutamol,"Ventolin 100",Tabletas,Salbutamol,Sublingual,"50 mg",active
Ciprofloxacino,"Cipro 100",Crema,Ciprofloxacino,Intravenosa,"850 mg",active
Enalapril,"Vasotec 100",Pomada,Enalapril,Oftálmica,"100 mg",active
Naproxeno,"Aleve 300",Tabletas,Naproxeno,Oftálmica,"500 mg",active
Omeprazol,"Prilosec 800",Pomada,Omeprazol,Tópica,"500 mg",active
Losartan,"Cozaar 300",Inhalador,Losartan,Intravenosa,"250 mg",active
Atorvastatina,"Lipitor 700",Tabletas,Atorvastatina,Sublingual,"100 ml",active
Ciprofloxacino,"Cipro 600",Inhalador,Ciprofloxacino,Tópica,"100 ml",active
Sertralina,"Zoloft 100",Inyectable,Sertralina,Oftálmica,"500 mg",active
Enalapril,"Vasotec 700",Cápsulas,Enalapril,Tópica,"400 mg",active
Ibuprofeno,"Advil 700",Crema,Ibuprofeno,Ótica,"50 mg/ml",active
Fluoxetina,"Prozac 900",Inyectable,Fluoxetina,Ótica,"50 mg/ml",active
Salbutamol,"Ventolin 900",Tabletas,Salbutamol,Rectal,"250 mg",active
Losartan,"Cozaar 500",Pomada,Losartan,Intravenosa,"5 ml",active
Omeprazol,"Prilosec 700",Pomada,Omeprazol,Intramuscular,"20 mg",active
Diclofenaco,"Voltaren 300",Tabletas,Diclofenaco,Intramuscular,"1 g",active
Losartan,"Cozaar 600",Jarabe,Losartan,Ótica,"1 g",active
Enalapril,"Vasotec 300",Cápsulas,Enalapril,Sublingual,"5 ml",active
Ketorolaco,"Toradol 700",Supositorios,Ketorolaco,Sublingual,"850 mg",active
Fluoxetina,"Prozac 300",Suspensión,Fluoxetina,Oral,"50 mg/ml",active
Clonazepam,"Klonopin 500",Gotas,Clonazepam,Rectal,"20 mg",active
Diclofenaco,"Voltaren 300",Tabletas,Diclofenaco,Oftálmica,"100 mg",active
Fluoxetina,"Prozac 800",Inhalador,Fluoxetina,Oral,"500 mcg",active
Clonazepam,"Klonopin 900",Inyectable,Clonazepam,Inhalatoria,"100 mg",active
Omeprazol,"Prilosec 100",Suspensión,Omeprazol,Inhalatoria,"10 mg",active
Diclofenaco,"Voltaren 600",Gotas,Diclofenaco,Oftálmica,"400 mg",active
Sertralina,"Zoloft 500",Inhalador,Sertralina,Rectal,"100 ml",active
Dexametasona,"Decadron 800",Crema,Dexametasona,Oral,"20 mg",active
Enalapril,"Vasotec 800",Supositorios,Enalapril,Intramuscular,"50 mg/ml",active
Diclofenaco,"Voltaren 400",Suspensión,Diclofenaco,Oral,"5 ml",active
Azitromicina,"Zithromax 100",Jarabe,Azitromicina,Intravenosa,"250 mg",active
Sertralina,"Zoloft 300",Gotas,Sertralina,Sublingual,"50 mg",active
Metformina,"Glucophage 800",Tabletas,Metformina,Intravenosa,"2 mg",active
Paracetamol,"Tylenol 300",Gotas,Paracetamol,Inhalatoria,"5 ml",active
Enalapril,"Vasotec 800",Pomada,Enalapril,Inhalatoria,"2 mg",active
Enalapril,"Vasotec 900",Crema,Enalapril,Sublingual,"250 mg",active
Losartan,"Cozaar 900",Gotas,Losartan,Inhalatoria,"400 mg",active
Sertralina,"Zoloft 600",Supositorios,Sertralina,Oftálmica,"10 mg",active
Diclofenaco,"Voltaren 900",Supositorios,Diclofenaco,Oral,"1 g",active
Dexametasona,"Decadron 400",Crema,Dexametasona,Oftálmica,"100 mg",active
Sertralina,"Zoloft 500",Jarabe,Sertralina,Intravenosa,"850 mg",active
Clonazepam,"Klonopin 200",Cápsulas,Clonazepam,Sublingual,"100 mg",active
Ceftriaxona,"Rocephin 200",Pomada,Ceftriaxona,Rectal,"10 mg",active
Amoxicilina,"Amoxil 800",Suspensión,Amoxicilina,Oral,"1 g",active
Diclofenaco,"Voltaren 800",Crema,Diclofenaco,Inhalatoria,"5 ml",active
Atorvastatina,"Lipitor 400",Jarabe,Atorvastatina,Inhalatoria,"250 mg",active
Ceftriaxona,"Rocephin 300",Suspensión,Ceftriaxona,Ótica,"100 mg",active
Loratadina,"Claritin 900",Gotas,Loratadina,Inhalatoria,"100 ml",active
Naproxeno,"Aleve 600",Suspensión,Naproxeno,Intramuscular,"400 mg",active
Ceftriaxona,"Rocephin 300",Tabletas,Ceftriaxona,Intramuscular,"400 mg",active
Ceftriaxona,"Rocephin 700",Supositorios,Ceftriaxona,Oral,"50 mg",active
Losartan,"Cozaar 300",Suspensión,Losartan,Oftálmica,"100 ml",active
Ciprofloxacino,"Cipro 600",Suspensión,Ciprofloxacino,Ótica,"500 mg",active
Fluoxetina,"Prozac 300",Inhalador,Fluoxetina,Sublingual,"500 mcg",active
Naproxeno,"Aleve 700",Inyectable,Naproxeno,Ótica,"5 ml",active
Ceftriaxona,"Rocephin 900",Jarabe,Ceftriaxona,Oral,"50 mg",active
Clonazepam,"Klonopin 700",Inhalador,Clonazepam,Tópica,"10 mg",active
Ceftriaxona,"Rocephin 600",Pomada,Ceftriaxona,Oral,"20 mg",active
Omeprazol,"Prilosec 400",Pomada,Omeprazol,Tópica,"500 mg",active
Atorvastatina,"Lipitor 500",Inyectable,Atorvastatina,Oftálmica,"50 mg/ml",active
Salbutamol,"Ventolin 300",Cápsulas,Salbutamol,Inhalatoria,"20 mg",active
Dexametasona,"Decadron 500",Cápsulas,Dexametasona,Sublingual,"10 mg",active
Ketorolaco,"Toradol 200",Supositorios,Ketorolaco,Ótica,"850 mg",active
Omeprazol,"Prilosec 200",Jarabe,Omeprazol,Oral,"400 mg",active
Dexametasona,"Decadron 100",Supositorios,Dexametasona,Intravenosa,"10 mg",active
Sertralina,"Zoloft 200",Cápsulas,Sertralina,Rectal,"10 mg",active
Diclofenaco,"Voltaren 600",Tabletas,Diclofenaco,Intramuscular,"2 mg",active
